/*
 Navicat Premium Data Transfer

 Source Server         : mysql-local-5.0
 Source Server Type    : MySQL
 Source Server Version : 50728
 Source Host           : localhost:3305
 Source Schema         : jinan_gis

 Target Server Type    : MySQL
 Target Server Version : 50728
 File Encoding         : 65001

 Date: 29/11/2019 00:08:36
*/

SET NAMES utf8mb4;
SET FOREIGN_KEY_CHECKS = 0;

-- ----------------------------
-- Table structure for admin_user_role_mapping
-- ----------------------------
DROP TABLE IF EXISTS `admin_user_role_mapping`;
CREATE TABLE `admin_user_role_mapping`  (
  `ID` varchar(255) CHARACTER SET utf8 COLLATE utf8_general_ci NOT NULL,
  `ADMINUSER` varchar(255) CHARACTER SET utf8 COLLATE utf8_general_ci NULL DEFAULT NULL,
  `USER` varchar(255) CHARACTER SET utf8 COLLATE utf8_general_ci NULL DEFAULT NULL,
  `ROLE` varchar(255) CHARACTER SET utf8 COLLATE utf8_general_ci NULL DEFAULT NULL,
  PRIMARY KEY (`ID`) USING BTREE,
  INDEX `FK4wmhn62db80rgxdv4wq5lp0o9`(`ADMINUSER`) USING BTREE,
  INDEX `FKoawtwhtc6sj6xhu7ks3d843en`(`USER`) USING BTREE,
  INDEX `FKmraq7puv5xv1xxf2g2jfvc02r`(`ROLE`) USING BTREE,
  CONSTRAINT `FK4wmhn62db80rgxdv4wq5lp0o9` FOREIGN KEY (`ADMINUSER`) REFERENCES `adminuser` (`ADMINID`) ON DELETE RESTRICT ON UPDATE RESTRICT,
  CONSTRAINT `FKmraq7puv5xv1xxf2g2jfvc02r` FOREIGN KEY (`ROLE`) REFERENCES `role` (`ID`) ON DELETE RESTRICT ON UPDATE RESTRICT,
  CONSTRAINT `FKoawtwhtc6sj6xhu7ks3d843en` FOREIGN KEY (`USER`) REFERENCES `user` (`USERID`) ON DELETE RESTRICT ON UPDATE RESTRICT
) ENGINE = InnoDB CHARACTER SET = utf8 COLLATE = utf8_general_ci ROW_FORMAT = Dynamic;

-- ----------------------------
-- Table structure for adminuser
-- ----------------------------
DROP TABLE IF EXISTS `adminuser`;
CREATE TABLE `adminuser`  (
  `ADMINID` varchar(255) CHARACTER SET utf8 COLLATE utf8_general_ci NOT NULL,
  `ADMINNAME` varchar(255) CHARACTER SET utf8 COLLATE utf8_general_ci NULL DEFAULT NULL,
  `ADMINPASS` varchar(255) CHARACTER SET utf8 COLLATE utf8_general_ci NULL DEFAULT NULL,
  `ADMINCNAME` varchar(255) CHARACTER SET utf8 COLLATE utf8_general_ci NULL DEFAULT NULL,
  `ADMINAGE` int(11) NULL DEFAULT NULL,
  `ADMINTEL` varchar(255) CHARACTER SET utf8 COLLATE utf8_general_ci NULL DEFAULT NULL,
  `ADMINEMAIL` varchar(255) CHARACTER SET utf8 COLLATE utf8_general_ci NULL DEFAULT NULL,
  `ADMINPICTURE` varchar(255) CHARACTER SET utf8 COLLATE utf8_general_ci NULL DEFAULT NULL,
  `REGISTERTIME` datetime(0) NULL DEFAULT NULL,
  `LASTLOGINTIME` datetime(0) NULL DEFAULT NULL,
  PRIMARY KEY (`ADMINID`) USING BTREE
) ENGINE = InnoDB CHARACTER SET = utf8 COLLATE = utf8_general_ci ROW_FORMAT = Dynamic;

-- ----------------------------
-- Records of adminuser
-- ----------------------------
INSERT INTO `adminuser` VALUES ('FE4A6A75AEBA454B88EA08293A306281', 'ZhouJian', 'admin', '见妳与众生', 22, NULL, 'admin@163.com', NULL, NULL, NULL);

-- ----------------------------
-- Table structure for article
-- ----------------------------
DROP TABLE IF EXISTS `article`;
CREATE TABLE `article`  (
  `ID` varchar(255) CHARACTER SET utf8 COLLATE utf8_general_ci NOT NULL,
  `TITLE` varchar(600) CHARACTER SET utf8 COLLATE utf8_general_ci NULL DEFAULT NULL,
  `AUTHOR` varchar(255) CHARACTER SET utf8 COLLATE utf8_general_ci NULL DEFAULT NULL,
  `SUBJECT` varchar(1000) CHARACTER SET utf8 COLLATE utf8_general_ci NULL DEFAULT NULL,
  `CONTENT` longtext CHARACTER SET utf8 COLLATE utf8_general_ci NULL,
  `CLICKHIT` int(11) NULL DEFAULT NULL,
  `REPLEHIT` int(11) NULL DEFAULT NULL,
  `TIME` datetime(0) NULL DEFAULT NULL,
  `SIGN` int(11) NULL DEFAULT NULL,
  `KEYWORD` varchar(600) CHARACTER SET utf8 COLLATE utf8_general_ci NULL DEFAULT NULL,
  `userId` varchar(255) CHARACTER SET utf8 COLLATE utf8_general_ci NULL DEFAULT NULL,
  `adminId` varchar(255) CHARACTER SET utf8 COLLATE utf8_general_ci NULL DEFAULT NULL,
  PRIMARY KEY (`ID`) USING BTREE,
  INDEX `FKhl6vy7hqv4upnm0bm5gjlwp7c`(`userId`) USING BTREE,
  INDEX `FK6enqm4hvmrekb7rgmx1mdud3s`(`adminId`) USING BTREE,
  CONSTRAINT `FK6enqm4hvmrekb7rgmx1mdud3s` FOREIGN KEY (`adminId`) REFERENCES `adminuser` (`ADMINID`) ON DELETE RESTRICT ON UPDATE RESTRICT,
  CONSTRAINT `FKhl6vy7hqv4upnm0bm5gjlwp7c` FOREIGN KEY (`userId`) REFERENCES `user` (`USERID`) ON DELETE RESTRICT ON UPDATE RESTRICT
) ENGINE = InnoDB CHARACTER SET = utf8 COLLATE = utf8_general_ci ROW_FORMAT = Dynamic;

-- ----------------------------
-- Records of article
-- ----------------------------
INSERT INTO `article` VALUES ('17ED08D7134B4F8995B7C50FF0AEEA17', '爱上泰山的山，爱上泰山的人', '见妳与众生', '爱上泰山的山，爱上泰山的人——“我和泰山的故事”征文活动参赛作品  作者：吕晓明       2007年7月20日，那天对于我来说是一个非常特别的日子。       \n在那一天，我又一次来到了泰山的玉皇顶。在玉皇庙的同心锁链的旁边，我一个人矗立了很久很久。望着我和东旭的那把早已经被淹没在锁群里的同心锁，一股莫', '<p style=\"text-align: center\"><strong><span style=\"font-size: medium\">爱上泰山的山，爱上泰山的人</span></strong></p><p style=\"text-align: center\"><strong>——“我和泰山的故事”征文活动参赛作品&nbsp; 作者：吕晓明</strong></p><p><br/>&nbsp;&nbsp;&nbsp;&nbsp;&nbsp;&nbsp; 2007年7月20日，那天对于我来说是一个非常特别的日子。<br/>&nbsp;&nbsp;&nbsp;&nbsp;&nbsp;&nbsp; \n在那一天，我又一次来到了泰山的玉皇顶。在玉皇庙的同心锁链的旁边，我一个人矗立了很久很久。望着我和东旭的那把早已经被淹没在锁群里的同心锁，一股莫大的凄清从我的心底涌起，令我自己意乱神迷，那深嵌在我灵魂深处的记忆犹如在向我诉说着那些早已逝如烟云的往事¬——<br/>&nbsp;&nbsp;&nbsp;&nbsp;&nbsp;&nbsp; 现在的我紧绷嘴唇、面白如纸，那些孤寂悲凉和自哀自怜的回忆令我黯然神伤，心如刀绞。现在，对于我来说，一切都已经不复存在了，只有我自己滴着血的心和那渐渐疯狂的思想。<br/>此时此刻，我徘徊在玉皇顶上的同心锁链旁，我仿佛闻到了泰山顶上古树的芳香。虽然还是曾经的地点，虽然还是曾经的景象。我却已经没有了曾经的欢乐和梦想，凉风阵阵地从我身边吹过，都仿佛吹过我的心上••• •••<br/>&nbsp;&nbsp;&nbsp;&nbsp;&nbsp;&nbsp; 我和东旭的第一次相识就是在泰山的玉皇顶上。<br/>&nbsp;&nbsp;&nbsp;&nbsp;&nbsp;&nbsp; \n那天，学校组织我们这些刚刚步入大学的大一新生来游览泰山。有生以来，我第一次登上了五岳至尊之首的泰山。泰山上古树众多，森林茂密，真的是一座天然的旅游休闲和养生的风水宝地。这巍巍泰山、人杰地灵、物华天宝，令我深深地陶醉其中，感觉犹如漫游在仙境一般；这巍巍泰山，乃华夏之至尊，这里不仅是一座自然风景的历史文化宝库，同时也是人文杰作与自然景观完美和谐地融合在一起的一座人间天堂。站在山巅，我细细品味着，感受着中华悠久历史的浩瀚与沧桑！<br/>&nbsp;&nbsp;&nbsp;&nbsp;&nbsp;&nbsp;&nbsp;在学校的这些来游览泰山的学生当中，有一位来自体育学院的，泰安本地的大男孩，他一下子就吸引了我的注意。他叫东旭，有着一米八五的标准身高，相貌堂堂、气质潇洒、气度非凡、一表人才。英武、黧黑的面孔，刚毅、独特而又不失魅力；一双幽深如渊的电眼，明亮有神，目光闪闪，发出似乎可以洞穿一切的光芒；粗壮、有力的四肢好像蕴藏着使不完的力量；强壮、健硕的躯体让人一看便会想起电视里的健美运动员。他浑身上下透露出一股令人说不出来的诱人的阳刚之气，这样阳光、帅气的大男孩有一种火辣辣的逼人的气息，也有一种令所有的女人都蚀骨销魂的魅力，真的令每一个女孩子都会欲罢不能。因此，在游览泰山的过程中，我美目流盼的目光除了欣赏美丽景观的时候，就始终没有离开过东旭•••\n •••&nbsp;<br/>&nbsp;&nbsp;&nbsp;&nbsp;&nbsp;&nbsp; \n回到学校之后，我的心里美滋滋的。不仅是因为在游览泰山的时候心里感到无比的痛快与舒服，同时也是因为在游览泰山的时候遇见了东旭。这种奇妙的、不可思议的感觉一直都陪伴着我，统治着我的心灵，让我自己深深地回味着，甚至达到了如痴如醉的境地。所以，我真的很想知道他到底是哪个学院的，叫什么名字。不过，我的这些疑问很快就得到了全部的解答•••\n ••• <br/>&nbsp;&nbsp;&nbsp;&nbsp;&nbsp;&nbsp; \n几天后，我到图书馆里去借书，借完书后，我抱着厚厚的一叠书刚要离开，一转身却撞到一堵厚实的肌肉墙，我怀里的图书被撞击落得满地都是。我刚要发火，一抬头，却发现,居然是东旭!我刚才是撞到了东旭满是肌肉的胸脯上。东旭笑着帮我把地上的书拾起来，微笑着对我说:“没想到，这么快，咱们俩又见面了。”浑厚的膛音,极富磁性，充满了男子汉阳刚的魅力。&nbsp;<br/>&nbsp;&nbsp;&nbsp;&nbsp;&nbsp;&nbsp;&nbsp;我支支吾吾地答应着,接过了东旭手中的书，大脑里却一片空白.我回到了自己的座位上，感觉自己好像一个做错了事的小孩一样，低垂着头，感到脸上烫烫的。一抬头，却发现东旭竟然就坐在我的对面。他那明亮的大眼睛闪闪生辉，充满了爱意，此时我一抬头，看到东旭真的是面貌英俊、温文尔雅、儒雅安详、和蔼可亲、稳健深沉、体魄雄壮，有着一股说不出来的诱人的力量。我知道这样的男人是一个不会轻易被女人驾驭的人；但是这样的男人却是一个很会对女人付出真情实感的好男人。于是，我也鼓起勇气，迎着东旭那满是柔情的眼神.好半天，我俩相视一笑，千言万语都凝结在了彼此的不言之中……<br/>&nbsp;&nbsp;&nbsp;&nbsp;&nbsp;&nbsp; 我与东旭就这样相爱了。我是一个心地从不设防的天真稚气、纯真无邪的女孩子，从情窦初开时就为爱情一厢情愿地编织着各种浪漫的美梦，纯真得好似一捧洁白的雪。但是，尽管如此，我还是觉得东旭这个泰山脚下长大的男孩一定会是我一生的最爱。<br/>&nbsp;&nbsp;&nbsp;&nbsp;&nbsp;&nbsp; \n那段时间，我真的感到自己是无比的幸福。和东旭在一起的时候我总是有一种舒适惬意的感觉——一种久远了的安全感和满足感。于是，每天我都会在东旭的陪同下一起去学习、吃饭。恩恩爱爱的朝朝暮暮是我们最浪漫和惬意的时刻。而最让我感到幸福的就是东旭带着我去游览泰山。<br/>&nbsp;&nbsp;&nbsp;&nbsp;&nbsp;&nbsp; \n有东旭的陪伴，让我感到泰山上的风光又多了几分浪漫的情调。东旭告诉我说，作为一个泰山脚下长大的人，他从小到大已经不知道游览过泰山多少次了。泰山吸引东旭的地方不仅是因为她壮美的景色，更是她深厚的历史底蕴和文化内涵。在东旭看来泰山是中国文化史的一个局部缩影。泰山正是国人以小见大，感慨天下的切入点。这壮美的泰山，融雄伟与秀美于一体，融自然景观与人文景观于一体，融多种思想流派于一体，真是博大的胸襟、宽广的视野!这是泰山文化，也是泰山精神。因此泰山文化也是中华文化的主要象征，泰山精神也是中华民族精神的主要体现。所以泰山是中华民族历史与文化的一个缩影和典型代表。也是中华文明古国历史的见证，所以她闪耀着民族精神的光辉。不仅如此，泰山还是国泰民安的象征，平安文化深入人心，登泰山保平安是人们延续了几千年的传统习俗，影响遍及大江南北。<br/>&nbsp;&nbsp;&nbsp;&nbsp;&nbsp;&nbsp; \n所以，攀登泰山对于东旭来说不仅仅是欣赏风景风景那么简单，更多的是在攀登泰山的过程中品味泰山的文化意蕴和那种不折不挠，勇往直前的品质和精神。正是因为如此，东旭在每次攀登泰山的时候都是从泰山的山脚下拾级而上，一段又一段地攀登，而从来不坐缆车。　因为如果坐索道，自己都懒得走的话，是不能体会到攀登泰山时的乐趣与内涵的。人生如登山！你不亲自一登泰山！怎知泰山之壮丽？怎知祖先之博大精神！泰山拔地通天的巍然雄姿，激发了东旭登攀向上的渴求。泰山之壮美，尽在攀登中。正是在不断攀援悠久而蜿蜒山路的过程中，才实现了东旭的本质力量；通过攀登的感受，也促使东旭努力进取，自强不息。<br/>&nbsp;&nbsp;&nbsp;&nbsp;&nbsp;&nbsp; 而每次当东旭最终登上泰山的最高峰玉皇顶，从泰山的最高处远眺自己家乡美丽的风景和祖国的大好河山的时候，东旭的心里总是感到无比的舒服和畅快。<br/>&nbsp;&nbsp;&nbsp;&nbsp;&nbsp;&nbsp; 2006年7月20日，东旭带领我又一次来攀登泰山，东旭主动给我当起了导游，向我介绍起了泰山沿途的美丽风景。<br/>&nbsp;&nbsp;&nbsp;&nbsp;&nbsp;&nbsp; 泰山上风光明媚，景色绮丽。一弯弯如带的小溪好似空灵的鸟鸣一样，从泰山上淙淙作响地流淌下去，婉转娇媚。山风迎面而来，带着空谷中森林的呼吸，使我感觉到犹如攀登在仙境之中，美妙得好似一个唯美的梦。<br/>&nbsp;&nbsp;&nbsp;&nbsp;&nbsp;&nbsp; \n一路上东旭不仅健步如飞，而且兴致勃勃，一边走一边向我讲解介绍。而有我最爱的人的陪伴，刚开始我也是兴致盎然。可是，走着走着我就已经被累得气喘吁吁，再也走不动了。东旭无奈地望着我，颇有些无可奈何。可是，我毕竟不像东旭那样是学习体育的，身强体壮，虽然我也很想和我最爱的男人一起来登泰山，一起听他向我讲解沿途的历史文化遗迹和文人墨刻。但是，我真的是体力不支了，没有办法了。可是令我没有想到的是，东旭最后竟然一下子把我抓起来，放在自己身后，他居然要背着我登泰山，我怕累坏东旭，坚决不干。可是东旭却说他自己就是一座山，虽然比不过泰山那样巍峨，但是区区一个我还是压不垮他的。所以，他会像挑山工一样一直背着我，然后向我更细致地介绍泰山沿途美丽的景色。<br/>&nbsp;&nbsp;&nbsp;&nbsp;&nbsp;&nbsp; 我推脱不过，只好乖乖地呆在东旭身后，趴在东旭那厚实而又宽阔的肩膀上，一边感受着这个强壮的男人带给我的温馨和快乐，一边听着他给我讲解着一路上美丽的自然景色、人文景观。这一路上，在沿途旅客羡慕与惊讶的目光中我的心中满是浪漫与幸福。<br/>&nbsp;&nbsp;&nbsp;&nbsp;&nbsp;&nbsp; \n当到达泰山的最高处玉皇顶的时候，东旭才把我放下来。看到东旭被累的气喘吁吁，我真的是心疼不已。我拿出了手帕给他擦了擦额头沁出的汗珠。东旭笑了笑，然后从衣兜里拿出了一把锁头，上面刻着东旭和我的名字。接着，东旭把这块锁头锁在了玉皇顶上的同心锁链上。我静静地看着东旭，感到此时此刻我真的是世界上最幸福的人。<br/>&nbsp;&nbsp;&nbsp;&nbsp;&nbsp;&nbsp; \n不一会儿，天边黑云低沉，起风了！而且风声由远及近，狂啸巨吼着刮来，越吹越大。虽然我已经穿了很厚的外衣，可是当山风吹起，我还是忍不住打了个喷嚏。看到我有些着凉，东旭马上脱下自己的外衣给我披上。我穿着东旭的外衣，感受着他衣服里的温度，回味着一路走来的那独特的自然和人文景色，我的心中充满了无限的惬意和温暖。<br/>&nbsp;&nbsp;&nbsp;&nbsp;&nbsp;&nbsp; \n这时，风吹得更大了，乌云也卷上了山头。随着一声令万兽奔逃的闪电与惊雷之后，天昏地暗、日月无光，接着豆点大的雨滴便如瓢泼般从天空中倾泻下来。虽然此时此刻，泰山的闪电和暴雨也是蔚为壮观，只可惜我们躲在庙里看这么大的雨，感觉并不像李健吾笔下的《雨中登泰山》那么浪漫和唯美。如此猛烈的狂风暴雨反而让我感到了一丝丝的恐惧。<br/>&nbsp;&nbsp;&nbsp;&nbsp;&nbsp;&nbsp; 这时，又一道闪电像银蛇一样狰狞地在天际游动，随后惊雷便炸响天空！我被吓得一下子钻进了东旭的怀里，东旭笑着用他粗壮的手臂静静地搂着我，然后微笑着问我害不害怕。<br/>&nbsp;&nbsp;&nbsp;&nbsp;&nbsp;&nbsp; 我望着东旭那刚毅、帅气的笑脸，点了点头。东旭笑着把我搂得更紧了，他说我应该学习泰山的那种精神，就是不畏风雨、永不低头的精神境界。泰山对于我们每个人来说不仅是一个自然的泰山，更是一个精神的泰山。<br/>&nbsp;&nbsp;&nbsp;&nbsp;&nbsp;&nbsp; 快天黑的时候，雨终于小些了。此时泰山的黄昏正在收敛着使一切明亮的鲜红的光芒。山峦、森林和万物都开始进入了一种凉幽幽的唯美的意境之中。这时泰山的山风变得温润而又柔和，细细地梳理着我们的那些因为暴雨而变得如马蹄乱蹶的心扉。<br/>&nbsp;&nbsp;&nbsp;&nbsp;&nbsp;&nbsp; 可是，此时下山似乎也已经不太可能了。于是东旭拉着我来到了泰山上的一家宾馆，打算住下来并且在明天早上一起去欣赏更壮观的泰山日出和黄河金带等景色。<br/>&nbsp;&nbsp;&nbsp;&nbsp;&nbsp;&nbsp; 可是，当我们赶到宾馆的时候却发现各家宾馆基本上都已经爆满，只有一家还有一间夫妻双人间的客房。我的心里犹豫了一下。可是，当我看见东旭那为了护着我而被雨淋湿的头发和他那略显疲惫的面孔的时候，我的心一下子就软了••• •••<br/>&nbsp;&nbsp;&nbsp;&nbsp;&nbsp;&nbsp; \n半夜，当我从睡梦中醒过来的时候，看到大床上只有我一个人睡在上面，而东旭则自己仰面睡在地板上，身上却什么都没有盖。我知道，昨天为了给我遮风挡雨，东旭的衣服都已经被淋透了。此情此景让我的心中充满了无限的感动。于是，我起身拿着我的衣服来到了东旭的身边，想给他盖上。虽然，我自己也知道，我娇小的外衣盖在东旭那健硕的身躯上或许起不到任何御寒的作用和效果。可是，最起码这样做也会让我自己的心里好受些。<br/>&nbsp;&nbsp;&nbsp;&nbsp;&nbsp;&nbsp; \n我拿着衣服犹疑着不想扰人的情思，来到东旭的身边，借着朦胧的月色，我第一次看清了东旭那健壮的躯体，那鼓鼓的肌肉，那伟岸的躯体，加上那如闷雷般的鼾声真的令我自己迷恋不已。虽然，我已经把自己的衣服盖在了东旭的身上了。可是，我却还是蹲在他的身旁久久不愿离开。我的心已经被这个泰山脚下长大的男人彻底带走了。<br/>&nbsp;&nbsp;&nbsp;&nbsp;&nbsp;&nbsp; 东旭曾说过，只要我愿意，他会为我去做一座山，为我遮风挡雨，为我营造一个温馨的家园。虽然，这座山比不过泰山。但是，他仍旧会努力下去，直到我满意为止。而我却觉得对于我来说东旭就是一座泰山，就是我身边的一切的一切，是我终身都难以割舍的情结。<br/>&nbsp;&nbsp;&nbsp;&nbsp;&nbsp;&nbsp; \n就这样悄无声息地看着东旭好半天，感受着这个对于我来说好似泰山一样壮美的男人的气息和温度。过了一会儿，我起身打算离开，这时东旭突然伸出了手，一下子拉住了我的手。我站立不稳，一下子就趴在了东旭那肉鼓鼓的身上。隔着东旭那厚厚的胸膛，我听见了东旭那强健的心脏在砰然加速。<br/>&nbsp;&nbsp;&nbsp;&nbsp;&nbsp;&nbsp; 东旭在含情脉脉地望着我，而我我也在柔情蜜意地望着东旭。爱的潮水在那一瞬间彻底地爆发了•• •••<br/>&nbsp;&nbsp;&nbsp;&nbsp;&nbsp;&nbsp; 夜已是这样的深沉，万籁一片寂静。月牙淡钩树梢，晚风轻轻歌唱，一阵一阵吹了过去••• ••• <br/>&nbsp;&nbsp;&nbsp;&nbsp;&nbsp;&nbsp; ••• •••<br/>&nbsp;&nbsp;&nbsp;&nbsp;&nbsp;&nbsp; 美妙的黑夜消逝之后，太阳渐渐地升了起来。此时泰山上仙气缭绕、空气清新、天蓝如洗、阳光灿烂，在清新的空气里飘逸着醉人的花香。在窗外，依稀有动听悦耳的天籁之音缓缓传来••• •••<br/>&nbsp;&nbsp;&nbsp;&nbsp;&nbsp;&nbsp; \n我再次从睡梦中醒过来，此时我望向窗外，发现天已经放亮了，我们一起去看泰山日出的计划也已经泡汤了。不过，想起昨晚所发生的一切，我的心里还是美滋滋的。回想起过去的一个夜晚美妙得就像一个离奇的美梦。而现在，东旭已经睡在了床上，而我正睡在东旭温暖的怀抱里，东旭用他的身躯和粗壮的四肢为我缔造了一个独一无二的温床，而我睡在东旭那强壮的臂弯里。尽管如此，我却并没有什么泰山压顶似地沉重，有的只是一种温暖和惬意。我静静地睡在东旭的怀抱里，感受着这个泰山一样的男人的心跳和呼吸，我的心里感到无比的浪漫和幸福，再看看东旭的身后的窗外，一轮火红的旭日正在从东旭的身后缓缓地升起•••\n •••<br/>&nbsp;&nbsp;&nbsp;&nbsp;&nbsp;&nbsp; \n从那晚以后，我也成了半个泰山的人，那种感觉真的甜蜜得让我无法言语。在下山前，我们又来到了玉皇庙里的同心锁链前，那把刻着东旭和我的名字的锁头虽然还在。但是，钥匙却早已经被东旭丢走了。东旭拉着我，深情地望着我说：“明明，答应我，这辈子都不要离开我，好吗？”<br/>&nbsp;&nbsp;&nbsp;&nbsp;&nbsp;&nbsp;&nbsp;听了东旭那山盟海誓、生死与共的誓言，我的双眼湿润了，我拥进东旭的怀里，发誓今生今世都要与他永远在一起•••• ••••<br/>我彻底爱上了泰山这座山，也彻底爱上了泰山脚下长大的这个男人。我真的好想一辈子与这座山与这个人相伴到永远。可是生活真的像一部情节扑朔迷离的小说，一场不测的风云把我们的生活彻底地改变了••• •••<br/>&nbsp;&nbsp;&nbsp;&nbsp;&nbsp;&nbsp; \n在随后的生活中，攀登泰山似乎成了东旭和我日常生活中不可或缺的重要组成部分。每隔一段时间我们都会一起去徒步登泰山。每次当我和东旭一起征服泰山，登上泰山的最高峰的时候，无限的欣喜和快乐都会洋溢在我的心头。通过不断的攀登泰山不仅使我对泰山沿途的美丽风景和历史文化有了更加深刻的了解。同时也使我的身体素质得到了进一步的提高。更重要的是使我和东旭之间的情感得到了进一步的加深。<br/>&nbsp;&nbsp;&nbsp;&nbsp;&nbsp;&nbsp; 可是，后来不知道为什么，我的体质一下子弱了下来，根本无法再去徒步再去攀登泰山了。不仅如此，后来我还总是无缘无故地流鼻血。东旭感到非常的奇怪，带我去医院检查，可是最终的结果却令我们大吃一惊！<br/>&nbsp;&nbsp;&nbsp;&nbsp;&nbsp;&nbsp; 我得了白血病！<br/>&nbsp;&nbsp;&nbsp;&nbsp;&nbsp;&nbsp; 当最终的化验结果出来的时候，我和身边所有的人都惊呆了，我的世界也在那一刻彻底地粉碎了。我感到一阵晕眩，几欲昏死过去。医生告诉我，唯一的办法就是进行骨髓移植，这样才会有重生希望。<br/>我的父母和所有的家人都从东北老家赶了过来，来到山东来给我进行骨髓配型。可是最终的配型结果却是家里人的造血干细胞的型号居然无一与我能够相匹配的。最后，无奈之下，东旭抱着试试看的想法也做了配型检验，令我们所有的人都想不到的事情发生了：东旭的造血干细胞的类型与我的相匹配<br/>&nbsp;&nbsp;&nbsp;&nbsp;&nbsp;&nbsp; 东旭对于配型结果感到欣喜万分，他终于可以用他的方式来拯救我了。我的家里人也是特别的高兴，而我也像沉溺在波涛巨浪中垂死挣扎的人，突然抱住了一根浮木一样，在心底重新燃起了求生的欲望。可是令我们没有想到的是，东旭的父母不干了。<br/>&nbsp;&nbsp;&nbsp;&nbsp;&nbsp;&nbsp; \n原本东旭的父母对我这个准儿媳妇还是相当满意的，他们也曾经允诺让我们一毕业就举办婚礼让我成为东旭的妻子。但是，这场不测的风云把我们的一切都改变了。现在我不仅不能马上与东旭结婚，反而东旭家里还要拿出很多的钱来帮助我并不富裕的家庭，来给我来支付高昂的医药费给我治病。现在我又要使用东旭的骨髓，这可是东旭的父母无论如何都不会答应的。因为他们真的很担心骨髓移植后会对东旭今后的日常生活产生什么负面的影响。于是，他们开始限制东旭来医院看我，最后干脆就不让东旭来了。<br/>&nbsp;&nbsp;&nbsp;&nbsp;&nbsp;&nbsp; \n没有了东旭我的生活一下子就陷入了无底的深渊。死亡的感觉像冷风一样吹遍了我的心头。我的生活里没有了希望没有了阳光，有的只有死一样的寂寞和凄凉。我已经没有了力气再挣扎，更没有头脑来思考。常常，我守着一盏孤灯，孤寂地坐在床头，任由咸苦的眼泪泡着我残缺破碎的心。东旭不来救我，我并不怪他，也并不怪东旭的父母，换做是我是东旭的母亲，我也不会让自己这么好的儿子去冒这么大的风险，把自己身上的任何器官移植给别人啊。毕竟身体受之于父母，而且东旭是他们的亲生骨肉啊！<br/>&nbsp;&nbsp;&nbsp;&nbsp;&nbsp;&nbsp; \n&nbsp;一天、两天、三天。三天时间过去了，东旭最终还是没有出现。我知道，这个像泰山一样让我终身依靠的男人是不会再来了。我的泰山没有了，我的希望也没有了。于是我主动放弃了治疗，背着家里人偷偷地跑出了病房，来到了泰山脚下。我没有理由一味沉溺在飘逝如烟的往事和太多的忧郁之中。趁现在还有时间，我要在我活着的时候再登上一次这座令我无限欢喜，令我无限痴迷的泰山。<br/>••• •••<br/>&nbsp;&nbsp;&nbsp;&nbsp;&nbsp;&nbsp; 停止了对过去的回忆，我又回到了现实的世界里。此时我的脸上一片空蒙迷茫，积压在我心间那些美妙的、悲伤的回忆像山洪爆发般，排山倒海地向我袭来，把我抛掷在那段记忆里，使我在美丽与痛苦的海浪中挣扎翻滚，无法自拔。<br/>&nbsp;&nbsp;&nbsp;&nbsp;&nbsp;&nbsp; 此时，泰山顶上依然是蓝天白云；依然是山青水绿。而充塞在我心间的空虚和悲绝却让我触景生情、不胜伤感。一股令我透不过气来的悲怆，是那样的苍凉、沉重地压在我的心间。<br/>&nbsp;&nbsp;&nbsp;&nbsp;&nbsp;&nbsp; 虽然，这一次我是坐缆车上来的。但是，即使如此，来到玉皇顶那些有情人用锁头编制的同心锁链的时候，我还是被累的气喘吁吁。现在，我头晕目眩、面色如灰，愁容惨淡、而且神虚体乏、浑身疲软，已经喘不过气来了。我知道老天留给我的时间已经不多了。<br/>&nbsp;&nbsp;&nbsp;&nbsp;&nbsp;&nbsp; \n我紧锁着眉宇，无言地、艰难地在同心锁链中苦苦地寻找着那把刻着东旭和我的名字的锁头。可是，找了半天却仍旧一无所获。我知道我的努力终将会是徒劳的。但是，不知道为什么，我却仍旧在锁堆里翻弄着。望着望着，一种孤寂伶仃的萧索悲凉浓浓厚厚地将我包裹着，使我有一种空把情感付之东流的痛觉和一种窒息的恐慌。我绝望地闭上眼睛，凄哀地流泪哭泣。似乎我已经解脱了自己的灵魂，伴着轻轻的山风飞离了泰山的顶端，飘向了一个遥不可及的世界•••\n •••&nbsp;<br/>&nbsp;&nbsp;&nbsp;&nbsp;&nbsp;&nbsp; 这时，我突然感到，似乎有人来到了我的身后。我一转身，发现东旭来了。<br/>&nbsp;&nbsp;&nbsp;&nbsp;&nbsp;&nbsp;&nbsp;东旭僵冻在那里，面色苍白、容颜惨淡。悲哀痛苦和凄切哀恸淹没了他。他失魂落魄地在那里颤抖着，那副哀怨欲绝的姜楚，焕发出一种动人心魄的凄凉。不仅如此，东旭的面貌憔悴，满目忧伤，我猜得到在过去的几天时间时间里，东旭也是经历了怎样的痛苦的折磨，而且从东旭满脸的伤痕中我也猜得到东旭与自己的父母之间经历了怎样的一场激烈的冲突。<br/>&nbsp;&nbsp;&nbsp;&nbsp;&nbsp;&nbsp; 在那一刻，我知道在过的几天时间里，是我错怪东旭了。确实，我了解，在东旭的心里有着一份对我执着的爱恋，正是这种执着的爱让东旭变得勇敢无畏，并甘之如饴地为我承受着一切艰难困苦和生活风雨。<br/>&nbsp;&nbsp;&nbsp;&nbsp;&nbsp;&nbsp; 爱情真的会使人如此着魔！<br/>&nbsp;&nbsp;&nbsp;&nbsp;&nbsp;&nbsp; 我知道我面前站着的这个男人仍旧是那个让我爱的那么痴，那么深的男人。那个对于我来说，像泰山一样重要的男人。<br/>&nbsp;&nbsp;&nbsp;&nbsp;&nbsp;&nbsp; 那么长久的等待，无尽的期盼，锥心沥血的哀恸，凄凉孤寂的无奈和痛心疾首的悲哀••• •••在我看见东旭的一刹那，全都烟消云散！<br/>&nbsp;&nbsp;&nbsp;&nbsp;&nbsp;&nbsp; “明明，和我回去吧。”东旭眉毛紧蹙，嘴角含悲来到了我的身边，把我静静地搂在了怀里，说：“我会把我的骨髓移植给你”<br/>&nbsp;&nbsp;&nbsp;&nbsp;&nbsp;&nbsp; “不用了。”我试图推开东旭，但是却没有成功。一种深沉的寂寞无依，令我感到无边的凄凉和哀伤。我说：“人活着不能太自私，我不能为了活下去而让你去受到这么大的伤害。”<br/>&nbsp;&nbsp;&nbsp;&nbsp;&nbsp;&nbsp; \n“明明，你不要这样。”眼泪从东旭的眼里滚落下来。这是我这辈子第一次看见东旭哭，我感动到仿佛有什么东西压在东旭的胸口，令他喘不过气来，那是一种痛彻心扉的伤感。东旭说：“明明，你一定要坚强一点。你知道吗，对于我来说你就是我们身边的这座泰山，是独一无二的。我绝对不能失去你，如果没有你，我也没有办法再活下去了。答应我，无论如何，为了我你也一定要坚持下去，我真的不能没有你。等你病好后，我还要和你一同来攀登泰山，这里还有很多的故事我还没有向你讲。”说着东旭把我紧紧地搂在怀里，疯狂地热吻起来。<br/>&nbsp;&nbsp;&nbsp;&nbsp;&nbsp;&nbsp; 我静静地依偎在东旭温暖的怀抱里，含情脉脉地凝望着他，任东旭那样热情地、爱慕地狂吻着。求生的希望之光再次在我的心中闪亮起来，一串串欣慰快乐的感动之泪水像决堤的江水一样，止不住地从我的眼眸之中倾泻下来••• •••</p>', 0, 0, '2018-06-11 23:52:07', 0, '泰山的山 泰山的人', NULL, 'FE4A6A75AEBA454B88EA08293A306281');
INSERT INTO `article` VALUES ('26A3AD17AEC74D4BA05653EA1641B039', '测试一下', '官方人员', '123456789', '<p>123456789<br/></p>', 0, 0, '2019-11-29 00:06:12', 0, 'test', '3986FEAEA5904C55BA37706D0A467780', NULL);
INSERT INTO `article` VALUES ('31C6B9E981A74E908DBB7736ABBFBEFC', '日照旅游：靓展济南旅交会', '见妳与众生', '“2018山东（济南）国际旅游交易会（简称旅交会）”5月25——27日在济南盛大举行，市旅发委组织带领各区县旅游局及日照文旅集团、海洋文旅、海滨国家森林公园、浮来山景区、五莲山景区、日照海洋公园、阳光海岸露营公园等3O余家旅游企事业单位近100人组团参展借势营销。这是继4月份日照市在济南召开旅游推介会之后，日', '“2018山东（济南）国际旅游交易会（简称旅交会）”5月25——27日在济南盛大举行，市旅发委组织带领各区县旅游局及日照文旅集团、海洋文旅、海滨国家森林公园、浮来山景区、五莲山景区、日照海洋公园、阳光海岸露营公园等3O余家旅游企事业单位近100人组团参展借势营销。这是继4月份日照市在济南召开旅游推介会之后，日照旅游再次亮相泉城，通过国际旅交会，向世界打开了认识日照的窗口。<br/>　　了解“旅交会”。“旅交会”自2001年起已成功举办15届，每年都有来自30多个国家和地区的400余家旅游机构、旅游企业到会参展。目前已发展成为山东省内规模最大、专业化程度最高、国际性最强的综合旅游品牌盛会。<br/>　　走进“旅交会”。本次旅交会上，日照市专门设置了旅游形象宣传和旅游特色商品2个展区20多个展位。各区县及各参展旅游企业广泛宣传营销，进行全面推介，通过引人驻足的现场表演、声情并茂的视频推介、图文讲述、发放宣传材料、展架展览等方式进行全方位宣传，重点推介日照丰富的旅游资源和独具特色的系列旅游产品。日照市展位前人头攒动，参观者众，咨询人多，日照旅游宣传片、日照旅游产品、日照旅游商品及日照旅游特产吸引了无数参会者和泉城市民，纷纷称赞“日照太美了，一定要去看一看”。<br/>　　借势“旅交会”。这次参展营销，突出了“浪漫夏季日照有约”这个主题，采取多种形式向国内外的旅游同行全方位展示和推介日照旅游产品，让世界各国、各地的人们更多了解日照、走进日照，给足来日照的N个理由,让更多人深深爱上这座浪漫、休闲、富有诗意的现代化海滨之城。<br/>　　展览会期间，日照市共发放各类旅游宣传资料1.5万余份，旅游企业洽谈合作达成初步合作意向20多个，收到了良好成效。', 0, 0, '2018-06-11 23:44:41', 1, '日照 旅游', NULL, 'FE4A6A75AEBA454B88EA08293A306281');
INSERT INTO `article` VALUES ('3DC5F28771314019A8E2B822A5372F57', '济南正从门票经济向旅游产业经济转型', '见妳与众生', '今年“五一”假期，提升后免费开放的济南国际园博园迎来了超过20万的游客，这个数字能与园博园9年前开园时媲美。去年元旦开始免费的大明湖也已经交出了人气答卷，连续两年“五一”客流都比免费前增加数倍。在从门票经济向旅游产业经济转型的过程中，济南已经看到了旅游业发展的新希望。　　免费后单日入园人次　刷新开园以来纪录　', '今年“五一”假期，提升后免费开放的济南国际园博园迎来了超过20万的游客，这个数字能与园博园9年前开园时媲美。去年元旦开始免费的大明湖也已经交出了人气答卷，连续两年“五一”客流都比免费前增加数倍。在从门票经济向旅游产业经济转型的过程中，济南已经看到了旅游业发展的新希望。<br/>　　<strong>免费后单日入园人次　刷新开园以来纪录</strong><br/>　　经过近4个月的提升后，一度设施陈旧的济南国际园博园迎来重生。园博园三天的客流累计超20万，其中小长假第二天4月30日有8.7万人次入园，比2009年园博园最初开园时还多，刷新了开园以来单日游览人次纪录。2009年开园后的近两年时间内，园博园保持了较高的入园人数，不过从2010年底开始，入园人数少了很多。在2013年十一长假期间，园博园单日的游客已不足1万人。而从1万人次到8.7万人次，园博园今年免费开放后，以重回巅峰的人气来了一次逆袭。<br/>　　景区免费后是否能有持续的高人气，在园博园免费前已免去门票的大明湖景区或许能作为参照。免费后的两个“五一”假期，大明湖的人流量不负众望，这给景区免费带了个好头。天下第一泉景区统计，今年“五一”期间大明湖有45.05万人次游园，去年“五一”期间大明湖接待了55.07万人次，分别是2016年“五一”假期入园人流量的3倍多和4倍。济南市旅游发展委员会数据显示，2017年“五一”前，大明湖景区免费后的短短四个月中，游客增幅达到472%，其中外地游客就增长了180%。<br/>　　园博园和大明湖、趵突泉这样有独特自然景观的核心景区比，本身的竞争力和独特性还有待挖掘。园博园免费后游客主要是长清居民和大学城的学生，周末能吸引济南城区的市民前来，而想要进一步吸引周边城市、全省乃至全国的游客，还有一定困难。<br/>　　园博园和其他的城市公园不同，距离中心城区比较远，吸引主城区的大量市民有难度。园博园的城市微缩景观在国内并不少见，现在国内以微缩景观为主的景区人气也不是特别高，园博园可能更多是基于当地游客，做好城市公园。<br/>　　<strong>免费后升级配套产品　吸引更多游客消费</strong><br/>　　园博园2009年开园时，有国内众多城市精心制作的特色城市展馆，花卉也布置得非常精致，也曾迎来过一天数万的客流。园博园的运营收入主要靠门票，而园博园占地面积达5176亩，对维护人员的需求很大，一年的运营成本是2000多万。而免费开放后，为了保证游览环境和安全，园区增加了安保和保洁人员，一年的运营成本预估要增至3800万，60元的门票所带来的收入相比运营成本已是杯水车薪，而门票免费后，园博园的经济账怎么算?<br/>　　园博园的陆地面积相当于348个标准足球场，仅绕园内的长清湖一圈也有7.5公里，想在一天之内逛完园博园仅靠步行很难实现，电瓶车、自行车、电动车等代步工具、餐饮零食甚至住宿都有一定的需求。<br/>　　“五一”期间，园博园的电瓶车最忙碌，20元的通票随时上下车，相比按小时计费的租用自行车、电动车更划算。不过假期第一天想坐电瓶车不容易，上午11点左右，排队还得等一小时。而一小时40元到80元不等的观光自行车、80元到120元的观光自驾电瓶车也被租完了。<br/>　　园博园的占地面积大，游园时很多市民有代步的需求，而租车是目前园博园管理运营公司主要的收入来源。小长假期间电瓶车和租车的收入有20多万元。游玩后午餐的需要也很大，部分游客还有晚餐的就餐需要。餐饮目前主要靠园内的小木屋售卖快餐、饮料和小零食。园区内卖快餐的小木屋“五一”期间就有1万多人就餐。<br/>　　目前园区正在招商的一处2万平左右的中华园街区就是一条可满足游客购物消费和餐饮、住宿需要的街，以仿古建筑为特色，不仅能吃饭，还有民宿。园博园免费后，经营的思路需要相应变化，要更多从游客需要出发进行代步、餐饮、民宿等配套。<br/>　　园博园免费后，门票收入没了，出租可经营的场地成了景区的主要收入来源，而租金收入与景区的人流量关系密切。园区希望引进包括餐饮在内的配套有一定的品牌效应。“现在看来，各项经营的收入应该会比门票更高，对外出租方面，我们比较乐观。但这些费用还远不够运营成本，园博园免费后仍以公益为主。”济南国际园博园管理运营有限公司负责人说。<br/>　　怎么做出园博园的独特魅力？园博园还计划利用园区绿植多以及有湖的特点，增加健身的内容。比如环湖的一圈可以做迷你马拉松活动。<br/>　　在济南市旅游发展委员会市场开发处负责人看来，景区门票免费后，景区要通过旅游产品的提档升级，提供更优质的服务和产品吸引游客消费。“大明湖免费后，有更多人愿意乘坐游船游览。”<br/>　　<strong>免费开放放弃门票　带动旅游大经济</strong><br/>　　景区免费更多是给周边和城市带来了人流量。景区免费后的经济账更多是从景区周边和整个城市的旅游相关收入开算。<br/>　　免费不仅给公园景区带来人流量，景区周边的餐饮、住宿、休闲等业态也得到带动。园博园东北侧有购物广场和多家餐厅，其中一家餐厅店员说，店内的客流明显增加，“五一”期间店内点餐几乎要排半小时队。另一家的店员则表示，店内的30多个餐桌在“五一”假期饭点时都是满桌，而平常人多时也就有一半上座率，园博园游客增加，两家餐厅都在计划招聘新的服务人员。<br/>　　大明湖的火爆还带动了周边百花洲、曲水亭、芙蓉街、宽厚里片区的发展，提升了济南作为旅游目的地的吸引力。据公安部门统计，2017年济南持证过夜游客人数比2016年增长17.4%。景区免费开放，放弃的是小门票，带动的是旅游大经济，也改变了原来的以景区建设为主的旅游发展模式，转向整个城市旅游目的地的打造。<br/>　　从完善旅游功能的角度出发，近几年济南市做了大量的提升工作。除了城市的市容市貌焕然一新，还为明府城老街巷增加了智慧旅游标识，开通了串联中心城区主要景点的旅游铛铛车，以及通往近郊的50多条“美丽乡村”旅游直通车线路等。这些都是济南为了打造旅游目的地而做的提升，这些提升在方便游客的同时，也服务于居住其中的济南市民。<br/>　　“大明湖和园博园景区免门票都值得点赞。”山东旅游职业学院教授陈国忠表示，景区非门票化是济南从景区时代向全域旅游转换的一种标志，非门票化是惠及全民的一项举措。在发展成熟的景区里，门票收入占的比例越来越小。“随着大明湖景区的免费开放，可以看出济南正在大步迈入旅游转型时代。”陈国忠说，来济南的游客很多，到大明湖景区的游客也不少，这可以带动周围很多的业态，事实证明，景区免费值得肯定。<br/>　　不过，他也认为，“景区免费的背后，也需要冷思考”。节日期间来济南的游客大多汇集在老城区，新城区的吸引力还有点欠缺。同时免费的景区周围很多业态还不是很丰富，作为一个旅游地，应该满足游客在吃饭、住宿、出行、娱乐等方面的基本需求。', 0, 0, '2018-06-11 23:45:52', 1, '济南 正从门 经济转型', NULL, 'FE4A6A75AEBA454B88EA08293A306281');
INSERT INTO `article` VALUES ('589A18ED254E43A79CACBC7C0BCECECF', '济南解放阁逢周一闭馆！免费参观要凭本人有效证件！', '见妳与众生', '解放阁是济南战役攻城突破口遗址，山东省文物保护单位，山东省爱国主义教育基地，山东省革命传统教育基地。　　近年来，解放阁日均客流量近千人次，周末接待团队较多，日客流量可达3000人次。展室设备长期处于超负荷运转状态，室内展橱、照明灯、触摸屏、解说文字等都需要日常维护保养。　　为加强解放阁保护，提升管理水平，确保', '解放阁是济南战役攻城突破口遗址，山东省文物保护单位，山东省爱国主义教育基地，山东省革命传统教育基地。<br/>　　近年来，解放阁日均客流量近千人次，周末接待团队较多，日客流量可达3000人次。展室设备长期处于超负荷运转状态，室内展橱、照明灯、触摸屏、解说文字等都需要日常维护保养。<br/>　　为加强解放阁保护，提升管理水平，确保展品安全和游客的人身财产安全，给广大游客提供一个安全有序的参观环境，自6月1日起，游客可凭本人有效证件，周二至周日9:00--16:00免费参观解放阁。<br/>　　每周一实行闭馆一天（如遇国家法定节假日正常开放），进行设施维护。团队参观请至少提前一天预约，预约时间为周二到周日9:00--16:00。预约电话：13256725257。', 0, 0, '2018-06-11 23:43:00', 1, '济南 解放阁', NULL, 'FE4A6A75AEBA454B88EA08293A306281');
INSERT INTO `article` VALUES ('6676DA2FD6834664800D05BBC9723905', '济南华侨城项目开工，章丘两大文旅项目全面展开', '见妳与众生', '“济南华侨城项目是继明水古城之后，章丘区开工的又一重大文旅项目，也标志着带动章丘区城市产业转型的‘五朵金花’全面开工。”5月28日，在济南华侨城项目开工仪式上，章丘区委书记刘天东说，这一项目开工，将有力增强章丘的商业、会展、体育、文化演艺等服务功能，形成建设省会城市群CAZ的重要窗口，带动章丘新旧动能转换大步', '“济南华侨城项目是继明水古城之后，章丘区开工的又一重大文旅项目，也标志着带动章丘区城市产业转型的‘五朵金花’全面开工。”5月28日，在济南华侨城项目开工仪式上，章丘区委书记刘天东说，这一项目开工，将有力增强章丘的商业、会展、体育、文化演艺等服务功能，形成建设省会城市群CAZ的重要窗口，带动章丘新旧动能转换大步向前。<br/>　　济南华侨城项目纵贯风景秀美的绣源河景区，南北长约20公里，总规划用地范围12平方公里，先行开工建设的城市展示中心及配套商业工程，总建筑面积5.6万平方米。作为项目投资方的深圳华侨城集团，拥有丰富的开发经验和雄厚的资本实力，培育了旅游及相关文化产业经营的知名品牌，是国家首批文化产业示范基地，已经形成了新型城镇化、全域旅游、文化创意产业、产融平台、城市综合体开发运营、主题酒店开发运营、智慧管理输出等业务板块，成为中国文化旅游产业发展的新航标。<br/>　　“这是章丘区大力实施新旧动能转换，加快发展现代服务业，推动产城融合、打造文旅名城的重大项目。此次开工，标志着总投资500亿元的世界级城市滨水文化旅游度假区项目正式进入实质性建设阶段。”章丘区长韩伟说，该项目依托华侨城集团“文旅开发”和“城市运营”优势，突出都市休闲带、生态旅居带、主题游乐带三大核心，按照世界级城市滨水文化旅游度假区的功能定位,以绣源河及滨河发展带为主轴，打造北站站前、温泉旅居、站前西部、湖畔生活、都市核心、科创休闲、主题游乐七大板块，着力打造具有国际视野、滨水特色的生态花园和文旅综合体，建成后年接待游客500万人以上。作为华侨城在山东的第一个新型城镇化项目，第一个全域旅游项目的启动区，项目建设将秉承“优质生活创想家”的理念，打造成为章丘区绣源河畔一颗璀璨的明珠，成为合作共赢的新典范、旅游休闲的新地标。<br/>　　撤市设区以来，章丘抢抓历史机遇，围绕打造产业发达、环境优美、人民幸福的济南东部新区，全面实施交通、生态、产业、城镇四大提升工程和乡村振兴计划，全力突破“山泉河湖城”五大片区，并相继制定扶持高端产业发展和高层次人才引进的政策措施，不断提高行政服务效能，持续推进发展环境提升，全区综合竞争力、对外吸引力显著增强，哈工大机器人、齐鲁航空城等众多高端产业项目相继落户，北大未名、清华启迪等科技创新平台牵手章丘，为章丘产业转型、跨越发展增添了强劲动力。<br/>　　特别是围绕打造文旅名城、提升城市功能，章丘突出泉水特色和文化底蕴，实施“一静一动”两大文旅项目，“一静”即明水古城国际泉水旅游度假区，已于今年3月28日开工建设，“一动”即济南华侨城项目。该项目所在的绣源河景区水域面积1万亩，景观绿化1万亩，先后被评为全球低碳生态景区和国家级水利风景区，是章丘对接济南主城区的“桥头堡”，融汇章丘特有的历史、文化、生态资源，具有广阔的发展空间。经十东路、济青公路交汇，有轨电车正在规划当中，项目沿绣源河40里风貌带和章丘南北大通道布局，南北串联起济莱高铁章丘南站、章丘站、济青高铁章丘北站，10分钟上高速、上高铁，30分钟到省会、到机场，交通高效便捷。依河而建的山东大学，交相辉映的13所高等院校，已经签约落户于此的山东自然博物馆和拟规划建设的图书馆群、美术馆群、演艺馆群、博物馆群，必将使绣源河及周边区域成为集文化创意、商业汇演、艺术展览、休闲旅游于一体的好去处。沿河北望，赭山城市双修项目扎实推进，将与绣源河片区融为一体，规划建设泉水运动休闲、水乡民俗旅游、生态农业体验、梯田花海观光、健康宜居社区，打造具有独特江北水乡魅力的国际旅游休闲目的地。隔河东望，明水古城项目将积极顺应国内外休闲度假旅游时代消费升级新趋势，扩大山东省旅游产品供给，推进旅游目的地业态多元化、全域化、国际化发展。明水古城项目与济南华侨城项目“一东一西、一泉一河、一古一新、一静一动”两大文旅名城品牌，将真正拉起章丘文旅产业发展大框架，推动文旅名城建设实现新跨越。', 0, 0, '2018-06-11 23:43:51', 1, '济南 华侨城 章丘 文旅', NULL, 'FE4A6A75AEBA454B88EA08293A306281');
INSERT INTO `article` VALUES ('6B407563851E403994577848BA5F693A', '浓墨重彩看泰山——宋遂良', '见妳与众生', '早就听说泰安有个《泰山封禅》的山水实景演出很精彩,并有“游泰山,必看封禅”的说赞。因为以桂林、丽江、西湖“印象”为代表的这类演出近年来遍及大江南北、塞北秦川,我也看过一些,物以多为贱,也就迟迟未去问津。不料今年却有幸陪客人连看了两遍,来客大加赞赏。因为都是些见过世面的文化人,他们的肯定也使我这个在泰安住过20', '早就听说泰安有个《泰山封禅》的山水实景演出很精彩,并有“游泰山,必看封禅”的说赞。因为以桂林、丽江、西湖“印象”为代表的这类演出近年来遍及大江南北、塞北秦川,我也看过一些,物以多为贱,也就迟迟未去问津。不料今年却有幸陪客人连看了两遍,来客大加赞赏。因为都是些见过世面的文化人,他们的肯定也使我这个在泰安住过20多年的人深感自豪。便想写这篇小文予以宣传。<p>&nbsp;&nbsp;&nbsp;&nbsp;&nbsp;&nbsp; \n实景演出的舞台就是泰山东麓的天烛峰,这里群山环抱,气象森严。入口处便有泰山的微缩景观分列于悬崖之下,登上悬崖,尚不知演出厅在何处,忽然一片开朗,面对群山——原来山即舞台。演员们肩挑手扛,从山顶和四面的羊肠小道迤逦而下,小道上的火把和高空的明月交相辉映,群山静谧,流水淙淙,音乐响起,观众立即情不自禁地肃穆入境。</p><p>&nbsp;&nbsp;&nbsp;&nbsp;&nbsp;&nbsp; \n演出以曾经来过泰山封天禅地的五代帝王为轴,突显秦的金戈铁马一统天下、汉的文治武功儒风雅乐、唐的开放自信盛世风华、宋的崇文抑武艺术繁荣以及清的兼容怀柔康乾盛世,亦文亦武、或刚或柔,如诗如画地从正面宣扬了中国皇家文化的雍容博大,气象宏伟,反映了她奢华中的高贵、森严中的气派,很有些横空出世的震撼力。因为它就局限在帝王这一个领域,所以反而有了自由度,尽情地表现而不用担心被指责为迷信、复古,因为就是要还原历史。我们常带着一种批判的眼光去看英国、德国和俄国皇室的富丽堂皇、威严至上,其实,中国历代的皇室比他们有过之而无不及。</p><p>&nbsp;&nbsp;&nbsp;&nbsp;&nbsp;&nbsp; \n这里没有明星、美女,没有完整的故事,有的只是一种历史文化氛围、一种气场、一种大写意,激发观众关于生命、民族、历史和大自然的种种联想、拼接。演出最后导引观众起立祈福,有浓重的民间色彩,把天、地、神、人的关系协调起来,又有天人合一的道家理念。不同的观众都会各有所得。我看演出结束,大家离场时非常安静,似乎刚参加完一场中国人的成人仪式,都还沉浸在某种震撼和思索之中:秦始皇走了,汉武帝走了,女皇武则天也走了……可泰山还在,我们还在……我们该做些什么呢?</p><p>&nbsp;&nbsp;&nbsp;&nbsp;&nbsp;&nbsp; \n在文化娱乐化、历史戏说化渐成时尚的今天,梅帅元先生策划、编导的《泰山封禅》坚持了严肃正派的审美艺术方向,典雅、大气、精致,绚丽,厚积薄发,宁缺毋滥,通过皇家气象显示出一种雄厚的文化积淀、民族精神和历史渊源。像一幅幅壮丽的唐卡,让人耳目一新。所以,它得到多项文化艺术大奖,应该是当之无愧的。</p><p>&nbsp;&nbsp;&nbsp;&nbsp;&nbsp;&nbsp; \n也并不是没有可以改进的地方。整体上编导者有所选择,但每一场的重点还不是很突出,有点求热闹的罗列。例如唐代,李白、杜甫吟咏泰山的诗歌,不应该缺位。宋代突出了徽宗的瘦金体和花鸟画,但却看不到苏东坡……虽然他们不是帝王,但总觉没有他们,就少了点什么,有些遗憾。</p><p>&nbsp;&nbsp;&nbsp;&nbsp;&nbsp;&nbsp; 归途中我看到参加演出的有泰山学院的学生,还有附近的村民,他们说整场演出的演员多达500人,服装3000多件,灯光1200多盏……他们从3月一直演到9月,很是辛苦。我们在享受这场文化盛宴之时,真要对为《泰山封禅》演出做过贡献的所有人道一声感谢。</p><p>&nbsp;&nbsp;&nbsp;&nbsp;&nbsp;&nbsp; （本文作者宋遂良为山东师范大学文学院教授,著名文学评论家）</p>', 0, 0, '2018-06-11 23:51:10', 0, '浓墨重彩 泰山', NULL, 'FE4A6A75AEBA454B88EA08293A306281');
INSERT INTO `article` VALUES ('6CD28B80B9A4412DBCA10E159A901652', '心灵的震颤', '见妳与众生', '心灵的震颤——“我和泰山的故事”征文活动参赛作品    作者：赵谦       \n记得上世纪九十年代，在上海读大学的时候，同学问我：“你来自泰安，住在泰山脚下，一定经常爬泰山吧？”我颇为自豪地说那当然，爬了很多次呢。他们羡慕地问我，泰山一定很美吧。我说那还用说吗，美不胜收。把他们一个个说得热血沸腾。其实，说完', '<p style=\"text-align: center\"><strong><span style=\"font-size: medium\">心灵的震颤</span></strong></p><p style=\"text-align: center\"><strong>——“我和泰山的故事”征文活动参赛作品&nbsp;&nbsp;&nbsp; 作者：赵谦</strong></p><p style=\"text-align: left;\"><br/>&nbsp;&nbsp;&nbsp;&nbsp;&nbsp;&nbsp; \n记得上世纪九十年代，在上海读大学的时候，同学问我：“你来自泰安，住在泰山脚下，一定经常爬泰山吧？”我颇为自豪地说那当然，爬了很多次呢。他们羡慕地问我，泰山一定很美吧。我说那还用说吗，美不胜收。把他们一个个说得热血沸腾。其实，说完后就很脸红，哪里经常爬啊，一次还没有去过呢。一是我们这里距离泰安还有段距离，二是忙于学业，根本没有时间和精力。不过，当时就暗下决心，等毕业以后，一定好好爬一次泰山，领教领教她的风采。也不枉生活在她的侧畔。<br/>&nbsp;&nbsp;&nbsp;&nbsp;&nbsp;&nbsp; 毕业后，爬了几次泰山，不过略感遗憾的是都因为时间短促，只是匆匆而来，匆匆而去，没有过多地去欣赏、去品味。真正让我难以忘怀的是在去年暑假。上海的朋友建平打电话，说要来玩，我说好啊，一定会带你好好爬一下我们的泰山。<br/>&nbsp;&nbsp;&nbsp;&nbsp;&nbsp;&nbsp; 本来是说一家人来的，但因建平的妻子临时有事，所以只带着他12岁的儿子明明来。顾不得舟车劳顿，他的儿子一下火车就想马上去爬山。我说那可不行，爬山是非常消耗体力。你要好好休息。小家伙不大高兴。<br/>&nbsp;&nbsp;&nbsp;&nbsp;&nbsp;&nbsp; 我陪他们休息了半天，领他们在泰城转了转。期间跟他们讲了泰山的名胜和泰山文化。当讲到不少皇帝来登过山时，小家伙又坐不住了。第二天一大早，我们就开始了此行的重头戏，爬山开始了。<br/>&nbsp;&nbsp;&nbsp;&nbsp;&nbsp;&nbsp; \n我们沿着古老的登山御道，参观泰山的精华风景。一路上看到很多人文景观。期间点缀着不少的自然景观为，我们欣赏着古建筑；我跟他父子俩讲了不少泰山知识。他们也被深深地吸引着。我们呼吸着新鲜而古老的空气。享受着无尽的秀色。过了中天门以后就看见谷幽壑深、山势峻峭等自然景观，而人文景观则点缀其间，我们品味着名家名人的题咏诗赋。流连忘返。路上游人如织，好不热闹。尽管有点累，但是明明依然生龙活虎，我告诉他要节省体力，但是他都不以为然。<br/>&nbsp;&nbsp;&nbsp;&nbsp;&nbsp;&nbsp; \n快到十八盘的时候，我们看见前面围着不少人，马上就有了精神，也加快步伐，想去看看发生了什么事情。等我们走近了，才发现大家正围着三个人看。两个年轻人，一男一女，应当是一对夫妇，另一个是位老太太。等了一会儿，听旁边的游人议论和小伙子的叙述，我们才大体上明白了事情的经过。原来这对夫妇是陪老母亲来爬泰山的。小伙子向大家介绍，他们来自河南，老母亲今年74岁了，年轻时候，母亲曾经来爬过泰山，并许过愿，这些年，老人一直念念不忘，想再爬泰山。可是因为路途遥远，手头上也紧，就一直没有成行。可是看着老人家的身体一年不如一年。两口子商量后，达成一直意见就是无论如何要帮老人完成心愿。于是他们咬咬牙在信用社贷了些钱，然后千里迢迢地带着老母亲来爬泰山了。听了以后，在场的人无不为之感动。小伙子说他们是天刚麻麻亮就开始登山的。我算了算，整整比我们早了四个小时，现在竟然被我们赶上了，足见他们的艰辛。有人问：“小伙子，你们竟然贷款出来，真是了不起。”小伙子说没有办法啊，要是等挣够了钱，可能老母亲更加走不动了，钱可以回去慢慢挣。<br/>&nbsp;&nbsp;&nbsp;&nbsp;&nbsp;&nbsp; \n这时有个中年男子走上前去，一下子拉住了小伙子的右手，小伙子想挣脱，但是终究没有这人的力气大。我们都一阵惊叹，原来小伙子竟然是个残疾人。少了三个手指头。而另一个人也悄悄说这家人真可怜，他妻子也是残疾的，走路都一瘸一拐的。此刻我的心像被什么吞噬着，旅游的乐趣在一瞬间荡然无存。为这家人的不幸，也为这对夫妻的孝心。再看看明明，他忽闪着一双大眼睛，竟有眼泪流出。显然也被这种精神所感动着。<br/>&nbsp;&nbsp;&nbsp;&nbsp;&nbsp;&nbsp; \n建平悄悄对我说：“我们能否帮帮他们？”我说可以。于是每人掏出来一百元钱，明明也掏出来他积攒的五十多块，一同放进年轻人的手中。众人也都纷纷解囊。也有人把手中的水递给他们喝。老人看着我们，那饱经沧桑的脸上，刻满了感激。这时那个中年男子大声说：“有力气的大老爷们，往前靠，我们帮忙把老人背到山顶！愿意的，往前靠了！”说实话，从下面这么一直走上来，几乎透支了身体。别说再加个负担，就是一个人爬上这陡峭的十八盘都非易事。尽管如此，还是有好几个人靠了上去。建平向我使了个眼色，也靠了上去。于是，中年男子给大家分了工，有背的，有扶的，有帮忙拿东西的。由于道路艰险，每走上一小段距离，就需要换个人。<br/>&nbsp;&nbsp;&nbsp;&nbsp;&nbsp;&nbsp; \n我们就这样走走停停，风景自然是无心欣赏了。但是没一个人有怨言。大家只有一个心愿，就是要把老人安全背到山顶。在十八盘，我们用了将近两个小时。等终于达到山顶的时候。已经是个个累得筋疲力尽了。我们把老人交给他们夫妇，并嘱咐他们该怎么走，还告诉他们下山时最好坐索道。<br/>&nbsp;&nbsp;&nbsp;&nbsp;&nbsp;&nbsp; \n辞别他们，我和建平、明明继续往玉皇顶攀爬。一路上议论最多的还是这对夫妇。我对建平说这就是泰山精神啊。建平问我什么是泰山精神，我说泰山精神就是宽厚博大的包容精神、天人合一的和谐精神、勇攀高峰的进取精神、顶天立地的担当精神。这么多年了，老人还一直想着泰山，说明泰山在她心中的位置，是她心中的神。她这种矢志不渝的归根情结让人敬仰。而作为儿子和儿媳，能够以母为尊，践行百善孝为先。是非常了不起的。他们的言行就是重如泰山的价值取向。<br/>&nbsp;&nbsp;&nbsp;&nbsp;&nbsp;&nbsp; 回到上海后，建平跟我打了几次电话，每一次都谈到这次难忘的泰山之行。谈到那一家三口。谈到年轻夫妇不是带子旅游，而是携母登山，让我们每次都嗟叹不已。他还说这次经历，对他，对他的儿子都是一种难得的教育。<br/>&nbsp;&nbsp;&nbsp;&nbsp;&nbsp;&nbsp; \n其实这种教育何尝不是对我呢？我们这个年龄，不知不觉已经担当起了家庭的顶梁柱，下有小孩需要抚养培育，而上面，无论是自己的父母，还是岳父岳母，都已近古稀。需要我们尽心力来照顾赡养。我们经常说等忙完这阵就去看父母，但是总也忙不完。千万记住那句老话：树欲静而风不止，子欲孝而亲不待。<br/>&nbsp;&nbsp;&nbsp;&nbsp;&nbsp;&nbsp; 生活在泰山脚下，倍感荣幸；站在泰山之巅，倍感豪情万丈。悠久灿烂而内涵深邃的泰山文化一直滋养着我们，感动着我们，也震撼着我们。</p>', 0, 0, '2018-06-11 23:48:32', 0, '心灵', NULL, 'FE4A6A75AEBA454B88EA08293A306281');
INSERT INTO `article` VALUES ('88B311107E5C43738008C3F1986E8BD5', '我与泰山有个缘', '见妳与众生', '我与泰山有个缘——“我和泰山的故事”征文活动参赛作品  作者：赵青       \n我从小就生活在泰山脚下，一出家门就能看到泰山。小时候常常跟着父母到山脚下洗衣服、摸小鱼、捉螃蟹、采蘑菇、拾松塔，通常一玩儿就是一天，太阳落山时才依依不舍的回家去。泰山就像慈祥的老祖父端坐在那里，而我就在他的肩头、膝下，攀爬着、嬉', '<p style=\"text-align: center\"><span style=\"font-size: medium\"><strong>我与泰山有个缘<br/></strong></span><strong>——“我和泰山的故事”征文活动参赛作品&nbsp; 作者：赵青</strong></p><p>&nbsp;&nbsp;&nbsp;&nbsp;&nbsp;&nbsp; \n我从小就生活在泰山脚下，一出家门就能看到泰山。小时候常常跟着父母到山脚下洗衣服、摸小鱼、捉螃蟹、采蘑菇、拾松塔，通常一玩儿就是一天，太阳落山时才依依不舍的回家去。泰山就像慈祥的老祖父端坐在那里，而我就在他的肩头、膝下，攀爬着、嬉戏着、玩耍着长大了。<br/>&nbsp;&nbsp;&nbsp;&nbsp;&nbsp;&nbsp; \n真正的走进泰山是在1987年，作为泰山的建设者，参加了泰山黄溪河水库的坝基帷幕灌浆工程。我在山上工作了一个冬天和一个春天，正是泰山从万木萧条到百花盛开一个过程，我深深地被泰山瑰丽、壮美的景致所吸引着、感染者、震撼着，更为自己能亲身投入到它的建设之中而骄傲和自豪。没有想到的是，十多年后我戏剧性的做了泰山上的导游，作为泰山的讲解者、宣传者重又走进了这座古老而雄伟的大山。<br/>&nbsp;&nbsp;&nbsp;&nbsp;&nbsp;&nbsp; \n上个世纪的九十年代末，我所在的企业大量的裁员，我下岗了。当时真的很无助，不知道自己能做什么？一个很偶然的机会，我参加了泰山景区组织的一个导游培训班。在培训班上，我学习了关于泰山的一些基本知识，这是我真正了解泰山的开始。泰山壮美的景致、悠久的历史和深邃的文化内涵深深地吸引了我。一种贴近它、了解它、揭示它、宣传它的冲动在心里油然而生。<br/>&nbsp;&nbsp;&nbsp;&nbsp;&nbsp;&nbsp; \n初做导游是在旅游车上随车讲解，和一群十八、九岁的年轻人一起工作，因为年龄长他们十几岁，许多人都用异样的眼光望着我，自己也在机械的导游词背诵中显得极不自信。工作异常艰苦，很快就想离开了，但每次想逃离时又有一种很强烈的不舍之情。因为这座大山已经深深地吸引了我。\n \n“各位朋友，欢迎您到泰山来，成为泰山尊贵的客人。我是泰山风景名胜管理区的007号导游员……”我很喜欢导游词前面的这段话，工作中我曾经无数次的重复过，每次重复都有一种泰山主人的感觉，都会加深我作为一名泰山导游的自豪感和使命感。正是这种感受，让我在泰山上心驰神往，如痴如醉。<br/>&nbsp;&nbsp;&nbsp;&nbsp;&nbsp;&nbsp; \n一个冬日的下午，天气晴朗，正是夕阳西下的时候。汽车在蜿蜒的山道上盘升，行至马蹄峪一带时，一道特殊的风景吸引了我：只见夕阳斜挂在对面的翠屏山崖上，几只乌鸦在凋零的树枝上端坐着，松树下一片片的残雪、一块块岩石映衬在太阳的余晖下，显得格外壮观。夕阳、翠屏、残雪、苍岩、秃枝、昏鸦构成了一幅绮丽的画卷。我立时完全的抛开了原有的导游词，引导游客与我共同欣赏这古老泰山的苍凉之美，把自己对泰山美的感受迅速的传达给游客。同时告诉游客：到泰山游览，不同的季节和天气会看到不同的景致，许多美好的东西往往就展现在引起你共鸣的一瞬间。泰山的美虽已雄伟而著称，但它又是众多美学特征的集合体，此时此刻让我们感受到的是泰山的苍凉之美，而我们每一个人的生命中又何尝没有一种冷寂、静止的美呢？！那一天，在游客的掌声和赞扬声中结束了我的工作。当我告别游客转身离开时，一位游客从后面追上来真诚的说：“泰山真的很美，我很爱泰山！”我说：“谢谢！我也是”。<br/>&nbsp;&nbsp;&nbsp;&nbsp;&nbsp;&nbsp; \n这件事以后，我的讲解开始灵活起来，我不再是就景讲景的机械介绍，而是用真情、用感受主动与游客沟通，引导游客去体味、升华，把最美好的感受带给游客。我开始尝试着从各个角度去揭示泰山丰富的美学特征和深厚的文化底蕴。从宗教信仰到风俗民情；从建筑风格到碑石书法；从帝王将相、墨客骚人到那些千百年来在泰山上繁衍生息，建设了泰山而又为泰山所养育着的泰山人。我喜欢泰山的春天，在漫山遍野海棠花盛开的时节，我引领着游客在山间小道上穿行，讲述着泰山求子压枝的风俗，那一根根拴上枝头的红线，寄托了多少善男信女对生命的渴求；我喜欢泰山的夏天，在变化无常的气象中，我和游客乘缆车一步登顶，山下是云海翻腾，山上是晴天日朗，欢呼声中留下的一张张合影，记录了多少进入仙境的快乐心情；我喜欢泰山的秋天，我与游客站在山巅看层林尽染，山苍水缓，那一片片飘落水中的树叶，带走了多少游子对生活的感叹；我喜欢泰山的冬天，陪游客在洒满阳光的岱庙里漫步，仿佛走近了一部可以触摸的中国历史，那一块块碑石前留下了多少文人墨客对先贤的敬重。<br/>&nbsp;&nbsp;&nbsp;&nbsp;&nbsp;&nbsp; \n泰山每年要接待上百万的游人，许多游客不止一次到泰山来，当问起他们登泰山的感受时，常有人回答：“累，但还想再来！”我很理解这种感受。泰山，美在雄而妙在登。当游客经过艰难跋涉登上岱顶时，一种发自内心的豪迈感便油然而生，这也许就是李白登上泰山时发出的“天门一长啸，万里清风来”的感受吧。所以登泰山不仅仅是一种体力的展现，还是一种意志的考验，是一种精神的渗透，一种信念的追求。更何况在泰山上还有对神灵的崇拜，对光明的期待，对先贤的叹服，对历史的回思……我想，这才是泰山的魅力所在。<br/>&nbsp;&nbsp;&nbsp;&nbsp;&nbsp;&nbsp; \n我大约在泰山上做了五年导游，期间还参与了市委市政府的一些重要接待。这些客人中有戎马生涯的将军，有饱读诗书的学者，有企业集团的老总，有联合国的官员，也有政界商界的要员，也有文化艺术界的名流，陪游客在泰山上下游览，无数次的重复着我的讲解词，每一次走进泰山，都会有一种新鲜的感觉；每一次给游客的讲解，都会加深对这座大山的热爱，而同游客的交流更是让我受益匪浅。一位来自香港的学者问我；“能否用英语讲解？”我说：不能。他很严肃的说：“你要学，因为泰山是世界的。现在让我来教你第一个单词：tour\n \nguide（导游）”。当我把这件事告诉我的另一位客人时，他非常认真地做起了我的第二任老师，凡是出现英文标牌的地方，他都给我读一遍，然后让我跟他读。这件事一直让我深有感触，在此之前游客们的赞扬常让我有一种满足感，但此时我的内心却产生了一种从未有过的感受，这就是作为泰山导游的神圣感和使命感。是的，泰山不仅仅是中国的，它是世界的，是世界人民的共同遗产。我的心中暮然耸立起一座知识的大山，而我才刚刚站在他的山脚下。<br/>&nbsp;&nbsp;&nbsp;&nbsp;&nbsp;&nbsp; \n不做导游也已经十几年了，但我还是经常走进泰山，看山花年年开放，听溪流淙淙流淌，呼吸他的气息，体味他的亲切，感受他的博大。我爱这座大山，在我的人生处于低谷的时候，它敞开胸怀紧紧地拥抱着我，给了我温暖和坚强。而今走进泰山，我更多的是在感受他的宁静、深邃、厚重、高远…..</p><p><br/></p>', 0, 0, '2018-06-11 23:47:59', 0, '济南 泰山', NULL, 'FE4A6A75AEBA454B88EA08293A306281');
INSERT INTO `article` VALUES ('8980CB959131421CAF1D26AC83AF0C38', '从神话传说探秘泰山玉', '见妳与众生', '近期，一则有关泰安玉石的新闻吸引了很多读者的关注，在泰山西麓初步勘探出一个储量大约为900万吨左右的玉矿带。泰山玉早已有之，但这次的发现能为泰山玉带来什么？泰山玉究竟蕴含着哪些历史文化元素？泰山玉为何会引起这么多人的关注？带着这些问题，记者又一次来到泰山玉的出产地——泰安，试图找到这些问题的答案。　　 500', '近期，一则有关泰安玉石的新闻吸引了很多读者的关注，在泰山西麓初步勘探出一个储量大约为900万吨左右的玉矿带。泰山玉早已有之，但这次的发现能为泰山玉带来什么？泰山玉究竟蕴含着哪些历史文化元素？泰山玉为何会引起这么多人的关注？带着这些问题，记者又一次来到泰山玉的出产地——泰安，试图找到这些问题的答案。<p>　　 <span style=\"font-size: small\"><strong>5000年前的先民们就已经用泰山玉制作艺术品</strong></span></p><p>　　 早在 \n2500年之前，春秋名著《山海经》里就有一篇文章提到泰山玉。在《山海经·东山经》里记载：“泰山其上多玉，其下多金，环水中多水玉。”泰山研究院研究员、泰山学者李继生老师称，在《山海经》里记载的是泰山“其上多玉”，意思是泰山山脉的表面玉石较多，这里的“\n 上” \n有表层的意思。“其下多金”意为在泰山下面金属较多。“环水中多水玉”中的“环水”是指现在从王母池到中天门一带，“水玉”即指水晶石。依照《山海经》里的记载，可以推断泰山玉分布较广，很分散。据考证，\n 5000 \n年前的大汶口先民们，就已经用泰山玉制作碧玉铲、臂环、佩饰等艺术品。李继生介绍，除2500多年前《山海经》记载了泰山玉之外，就没有了关于泰山玉的详细记载，只有曹植在他的泰山诗颂中尚有“玉石扬华英”\n 之句，至明代《 岱史》 仍言“泰山玉久已失传”。</p><p>　　 <span style=\"font-size: small\"><strong>上世纪80年代初，泰山玉被重新发现</strong></span></p><p>　　 李继生说，上世纪 80 \n年代初，在泰安市与济南市交界处的界首、石腊南山上，泰山玉又被重新发现。最早，泰山玉被包裹在一种叫做蛇纹岩的岩石里面，因为富含磷、钙、镁等元素，所以当时就被当成一种制造化肥的原料加以利用，按照每斤7分钱到8\n \n分钱的价格出售。后来，在挖掘过程中，经常会发现这些蛇纹岩里面夹杂着一些破碎的泰山玉。发现蛇纹岩中包含玉石以后，济南长清地区开始挖掘泰山玉，挖出了体积较大的泰山玉。有地质专家认为，泰山玉为蛇纹石质玉，致密块状，硬度5.8度左右，岩性为变超基性岩，形成时间距今25亿3600万年。形成过程为深源岩浆沿构造侵入，富镁超基性岩受高温气体——液体作用变质而成，属变质超基性岩浆矿床。经过国家鉴定，泰山玉的品质非常好，属于优质的硬度玉，品种较多，分为墨玉、花斑玉和碧玉、红玉四大类。泰山墨玉质密细腻，光滑乌亮；花斑玉五彩相间，斑斑驳驳；碧玉晶莹剔透，绿如夏荷；红玉色泽艳丽，美若云霞。品质高于辽宁的岫岩玉和山东的莱州玉。\n \n泰山玉品质较高、品种较多，但也存在破碎度大的问题，大件玉器上经常会出现裂纹，不像和田玉能够制造大件的工艺品。李继生介绍，乾隆皇帝曾经命人用和田玉制造“\n 大禹治水”的工艺品。如果想用泰山玉制作出像“大禹治水”那样的工艺品基本不可能。上世纪80年代只是发现少量泰山玉，并未引起足够重视，至上世纪 \n90 年代随着济南长清地区对泰山玉的挖掘，才逐渐把泰山玉引入市场，引起各方面的重视。</p><p>　　 <strong><span style=\"font-size: small\">与泰山石敢当的阳刚之气一脉相承</span></strong></p><p>　　 \n泰山玉具有很高的艺术价值。李继生说，泰山玉是人格的象征，在古时候，知识分子佩戴玉器以显示高洁的气质，是仁和德的象征。泰山玉色泽凝重、典雅，与泰山石敢当的阳刚之气一脉相承，在民间有“镇山玉”、“辟邪玉”之称。司马迁《史记》中有一篇《尚书·禹贡》记载“岱畎丝麻铅松奇石……浮于汶，达于济”。记录的是为庆祝大禹治水成功，泰安的民众把泰安出产的丝绸、松树、奇石等特产装在一起，通过汶水漂浮，一直送到济南的故事。奇石之中就应该包含了泰山玉，这就能推测出当时的人们已经发现了泰山玉的价值，把泰山玉作为礼物送给治水有功的大禹。<br/>　　 \n西汉刘向《淮南子》中，记载了女娲补天的故事，“女娲采五彩石来补苍天”。李继生解释，“苍天”即为泰山上的天，因为在学界有“九天”之说，用“九天”之说进行论证，泰山位于苍龙星座，东为苍天，泰山为龙，华山为虎。所以，可以推论女娲补天可能补的是泰山上的天，在桃花峪的彩石涧是女娲炼石补天的地方。根据传说，泰山玉是女娲补天落下的碎石形成。</p><p>　　 <strong><span style=\"font-size: small\">含有26种以上微量元素，可改变水质成分</span></strong></p><p>　　 \n泰山玉不仅具有极高的艺术价值，还具有精神文化内涵和医学价值。据泰安市史志办专家介绍，泰山玉具有“稳如泰山、镇宅辟邪、永保平安”的传统文化内涵。秦汉以前，泰山玉就已闻名华夏。泰山玉产于泰山西部，含人体所需的多种物质以及元素。明代李时珍的《本草纲目》记载：“玉能处胃中热、润心肺、助声喉、滋毛发、养五脏、利血管、明耳目，久服轻身长年”。经过科学检测发现，泰山玉含有26种以上微量元素，可改变水质成分，治疗软骨病、健脑提神、延年益寿。俗话说的泰山三美“白菜、豆腐、水”之水美，是否也因了有玉元素的成分而美并得名呢？</p>', 0, 0, '2018-06-11 23:50:19', 0, '神话传说 泰山玉', NULL, 'FE4A6A75AEBA454B88EA08293A306281');
INSERT INTO `article` VALUES ('8BD1459569DC448381C9E832C16A8959', '济南济阳县乡村旅游正当时', '见妳与众生', '日前，济阳县首次亮相2018山东（济南）国际旅游交易会，会上，济阳展区对当地旅游线路进行了集中推介，众多乡村旅游特色商品的展卖受到现场观众的追捧。　　济阳作为省城近郊县，济阳具有发展旅游业的区位优势和资源优势，乡村旅游资源禀赋较好。用好资源，走好属于济阳自己的路，是济阳旅游跨越式发展的重要保证。　　资源优势得', '日前，济阳县首次亮相2018山东（济南）国际旅游交易会，会上，济阳展区对当地旅游线路进行了集中推介，众多乡村旅游特色商品的展卖受到现场观众的追捧。<br/>　　济阳作为省城近郊县，济阳具有发展旅游业的区位优势和资源优势，乡村旅游资源禀赋较好。用好资源，走好属于济阳自己的路，是济阳旅游跨越式发展的重要保证。<br/>　　<strong>资源优势得天独厚</strong><br/>　　济阳县境内61.7公里的黄河堤岸线和56.4公里的柳林景观带与河水相映；黄河自西南而东北流经，水资源充足。黄河从济阳县城东侧由南向北穿行而过，自然景观独特，旅游资源丰富。<br/>　　此外，济阳黄河历史为济阳旅游产业提供深厚的文化内涵，济阳区位规划位于黄河生态游览带，黄河文化旅游潜力无限。此外，石油、天然气储量巨大，林业资源丰富，拥有众多农业科技示范园和瓜果品牌生产基地等，也为济阳县发展乡村旅游提供了便利条件。<br/>　　难能可贵的是，济阳县仍保持着淳朴、宁静的乡村风貌，林木茂盛，风光旖旎。这些资源成为具有观光、休闲、体验性质的乡村旅游和农业旅游的重要载体，非常符合现代旅游的发展趋势，未来发展潜力巨大。<br/>　　<strong>乡村旅游业态丰富</strong><br/>　　据了解，本次旅交会济阳县共组织了16家涉旅单位参加，全方位展示济阳县丰富的旅游资源、产品和文化特色。尤其是在乡村旅游产品方面，更是得到了参会观众的“追捧”。仁风富硒西瓜、曲堤黄瓜、五彩番茄、白崔寨切糕等备受喜爱。济阳县旅游促进服务中心主任王菊在接受采访中表示，“我们的目的是不仅要让游客感受到视觉上的冲击，更要有机会尝试，所以我们现场设置了免费品尝环节，也是吸引很多外商驻足”。王菊还透露，依托良好的资源和乡村旅游优势，济阳县的田园综合体建设正在稳步进行，济阳成为新兴旅游目的地指日可待。此外，济阳故事沙画版、花海园艺微缩景观、鲁嫂钩绣、德兰柳编、陶艺等传统手工艺品也是济阳县主打的几个旅游商品。<br/>　　利用好自身区位优势及自然资源，整合各种特色农业生产观光园的基础上，以自然环境和生态农业为背景，将其打造为集田园风光、黄河旅游度假、绘画摄影、特色购物、运动健身为一体的乡村旅游综合体。这将是济阳县在乡村旅游上“突出重围”的一把利器。', 0, 0, '2018-06-11 23:42:24', 1, '济南 济阳县 乡村旅游', NULL, 'FE4A6A75AEBA454B88EA08293A306281');
INSERT INTO `article` VALUES ('B4F444C22F214DCAB6207E3B873B1689', '展现泉城范儿！百花洲北入口打造济南老院，下月完工', '见妳与众生', '2016年6月1日,百花洲一期项目正式开园,至今已经整整两年,逐渐为济南市民所青睐。其间百花洲旅游项目逐步丰富,但是北入口却略显简陋。今年5月5日,北入口景观提升工程正式开工,7月20日将完工,目前工期将近过半。北入口景观提升,就是要展示泉城特色风貌,提升整个明府城的文化旅游价值。　　目前工期近半，面积两三百', '<p>2016年6月1日,百花洲一期项目正式开园,至今已经整整两年,逐渐为济南市民所青睐。其间百花洲旅游项目逐步丰富,但是北入口却略显简陋。今年5月5日,北入口景观提升工程正式开工,7月20日将完工,目前工期将近过半。北入口景观提升,就是要展示泉城特色风貌,提升整个明府城的文化旅游价值。<br/>　　<strong>目前工期近半，面积两三百平</strong><br/>　　济南是一座具有悠久历史的文化名城,作为泉城特色标志区的重要组成部分,明府城-百花洲片区位于济南市“一环、一湖、一城”的核心地带。百花洲,又名百花汀、百花池、小南湖,位于天下第一泉风景区大明湖公园南门牌坊以南。<br/>　　一路之隔,南侧是一碧波粼粼的小湖,面积7000余平方米,岸边弱柳扶风,娇柔婀娜,水中碧莲映日,红荷争艳。其北入口的具体位置为大明湖路以南,曲水亭街以东,对面就是大明湖。<br/>　　“百花洲在南侧和东侧都有标志,唯独西北侧没有,从大明湖出来后,不知道这个小湖是干吗的,不问问当地人根本不知道这个小湖叫百花洲。这么好听的名字,得有辨识度才行。”市民冯先生说,好几次给朋友介绍百花洲,为了好找,直接说就在大明湖南门。<br/>　　6月2日下午,百花洲北入口已经开始提升,现场有大吊车正在运巨大的石头。整个工地面积有两三百平米,工地外竖立着绿色的围挡,里面十几个工人正在忙碌着。<br/>　　百花洲所在的明府城区域,是济南老城历史文化街区特色的重要体现,有着许多历史文化遗存和历史遗迹。百花洲北入口是明府城片区北侧最重要的门户,也是游客从北侧出入明府城的必经之路,周边市民活动丰富、游客出入频繁、人流量很大,是极为重要的文化活动公共空间。<br/>　　百花洲一期北入口景观提升工程的开工时间为5月5日,竣工时间为7月20日。届时,百花洲北入口将呈现在市民和游客面前。<br/>　　<strong>建文化休闲特色街区，提升明府城旅游价值</strong><br/>　　北入口景观提升工程的业主单位为明府城管理中心,设计单位为北京清华同衡规划设计研究院有限公司,现场施工单位是山西省古建筑集团工程有限公司。按照清华同衡的设计方案,北入口不仅仅作为门户,还要打造成市民休闲的场所,承载着为市民提供休闲服务的重要职能。<br/>　　北入口改造完成后,就会形成类似于老济南的院落,市民和游客可以在北入口休息,等到夏天来临,入口处绿荫遍布,南侧是百花洲,北侧是大明湖,视野开阔,同时距离水面较近,大大方便游客赏湖、亲水。<br/>　　此外,此次百花洲一期北入口景观提升工程实施的目的是展示老济南“家家泉水,户户垂杨”的特色风貌,导入经营业态,将其打造为适合文化休闲产业发展的特色街区,提升整个明府城的文化旅游价值,成为传承济南非物质文化和传统特色的最佳空间载体。<br/>　　基于以上的定位和原则,景观提升工程整体规划就把保护并合理利用历史遗存,增加街区的真实性;完善与提升泉池水系,做足泉水文章;延续具有泉城传统特色的整体风貌;结合空间特征合理布局功能,丰富街区活力与文化内涵;优化街区内交通与市政设施,以满足新的城市生活要求作为指导思想。</p>', 0, 0, '2018-06-11 23:40:00', 1, '济南 百花洲 泉城', NULL, 'FE4A6A75AEBA454B88EA08293A306281');
INSERT INTO `article` VALUES ('C98D7BD88B424D768337C5188067D5BB', '济南市旅游协会第五届会员大会暨济南市旅游联合会成立大会在济南召开', '见妳与众生', '5月31日，济南市旅游协会召开第五届会员代表大会暨济南市旅游联合会成立大会。济南市旅游发展委员会主任郅良、副主任闫险峰出席大会，省旅游协会王德刚会长、尚玉轩秘书长到会祝贺。会议选举山东省交通运输集团董事长吴宗昌为联合会会长。　　会议审议通过了济南市旅游协会第四届理事会工作报告、济南市旅游协会章程修稿草案，完成', '5月31日，济南市旅游协会召开第五届会员代表大会暨济南市旅游联合会成立大会。济南市旅游发展委员会主任郅良、副主任闫险峰出席大会，省旅游协会王德刚会长、尚玉轩秘书长到会祝贺。会议选举山东省交通运输集团董事长吴宗昌为联合会会长。<br/>　　会议审议通过了济南市旅游协会第四届理事会工作报告、济南市旅游协会章程修稿草案，完成了由济南市旅游协会向济南市旅游联合会改组的规定程序。会议改选了旅行社分会，成立了产学研促进委员会、法律工作委员会2个工作机构，成立了工业旅游分会、美食分会、研学旅行社等12个分会。截至目前，济南市旅游联合会拥有会员旅游专业协会、分会和工作机构达到25个，涵盖旅游企业近千家，涉及旅游从业人员十余万人。<br/>　　济南市旅游发展委员会主任在讲话中充分肯定了济南市旅游协会过去五年来，在自身建设、品牌活动、行业自律、融合发展、会员服务、公益事业和配合济南市旅发委开展工作等方面的显著成绩。郅良主任指出，济南市旅游联合会的成立不仅是济南市旅游协会发展史上新的里程碑，也是推动济南旅游大发展的新平台和重要力量，济南市旅发委会将积极支持联合会开展工作，充分依靠联合会发挥好的独特的桥梁和纽带作用。郅良主任希望济南市旅游联合会要乘势而上，围绕济南市旅游工作大局，努力做好四个方面的工作。一是推进全市涉旅协会和企业间的整体联动，实现企业利益、行业利益、社会利益有机统一，在促进济南市全域旅游发展中发挥好沟通协调作用；二是为全面提升旅游业服务水平，提升济南市的城市形象，搭建济南旅游业健康良好发展的服务平台，在促进济南市旅游高质量发展中发挥好服务引领作用；三是调动每个协会、分会积极性和创造性，指导每个协会、分会每年举办一个以上有影响力的品牌活动，在促进济南市旅游联合营销中发挥好品牌活动统领作用；四是勇于承担行业监管责任，创新社会监督机制，共同维护公平竞争的行业秩序，在促进济南市旅游规范化建设中发挥好行业监管助手作用。', 0, 0, '2018-06-11 23:40:59', 1, '济南市 旅游联合会 第五届', NULL, 'FE4A6A75AEBA454B88EA08293A306281');
INSERT INTO `article` VALUES ('DB543854DCE44C38BCB1A2AEA54056F8', '济南“抖”起来，泰山挤油油 散客出游时代，游客爱上“好客山东”', '见妳与众生', '随着私家车的日益普及和“五一”期间高速公路免收小型客车通行费，自驾游成为假日旅游的主角。近郊游、周边游、乡村游、亲子游火爆，以山水踏青、乡村体验为主的城市周边游需求旺盛。　　“打卡”济南景点成时尚　　今年“五一”，全省范围内最火爆的城市不是泰安和青岛,而是一直有些温吞的济南。　　一首陈小熊的《济南济南》，成为', '随着私家车的日益普及和“五一”期间高速公路免收小型客车通行费，自驾游成为假日旅游的主角。近郊游、周边游、乡村游、亲子游火爆，以山水踏青、乡村体验为主的城市周边游需求旺盛。<br/>　　<strong>“打卡”济南景点成时尚</strong><br/>　　今年“五一”，全省范围内最火爆的城市不是泰安和青岛,而是一直有些温吞的济南。<br/>　　一首陈小熊的《济南济南》，成为展现济南风景名胜、民俗文化抖音小视频的背景音乐。根据济南市旅发委统计，有关济南的视频上传到抖音平台的有310个，浏览量达到六千多万(包含播放、点评、点赞等)。<br/>　　受此影响,众多年轻人来济南旅游打卡，感受“抖音”里的济南，宽厚里、芙蓉街、曲水亭街等出现了前所未有的拥挤状况。宽厚里成为“抖音”一条街，经初步统计，仅宽厚里在五一期间客流量就达到38万人次。<br/>　　另外，“一环一湖”亮化工程和“明湖秀”依旧是吸睛重点,据了解，历经近5个月的施工和调试，“明湖秀”在4月26日晚进行首次公开调试，预计“五一”小长假后正式对外商演。<br/>　　除了老济南城区，济南市各景点的游客人数也呈现显著增长趋势，据济南市旅发委统计，重点监测的天下第一泉景区、千佛山景区、方特东方神画、九如山等12家景区点，累计接待122.72万人次，同比增长24.4%，实现营业收入3081.4万元，同比增长26.7%。<br/>　　与此同时，经闭园维修后的济南国际园博园，自4月28日免费开放，截至4月30日晚8点，入园游客超过8.7万人次，达到开园9年来的最高。<br/>　　<strong>三天18万人爬泰山，同比增四成</strong><br/>　　天气晴朗，温度适宜，“五一”小长假是山岳类景区的黄金游览时期，泰山、蒙山、崂山都成为游客追捧的焦点。<br/>　　今年客流量最大的山岳类景区依旧是泰山，“五一”小长假三天累计183463人进山进景点，比去年同期增长40.18%，是2012年以来游客量最多的一年，也是经历多年客流回落后突然增长的一年。据泰山管委相关工作人员介绍，今年比较特殊，“五一”小长假遇上东岳庙会，同时从传统民俗来讲，农历三月十五还是泰山老奶奶的生日，游客和上山祈福的市民会聚在一起,所以出现增长四成的现象。<br/>　　除了泰山，天蒙山、云蒙山、崂山的游客接待量也均有所增加。特别是天蒙景区人数几乎是倍增。据天蒙景区营销部负责人介绍，客流高峰4月30日，景区共接待游客达3.2万人，几乎是去年“五一”小长假第二天1.77万人的两倍，快要接近景区的最大承载人数4万人。今年天蒙山增加了滑翔伞飞行活动，采取有动力和无动力两种方式飞行，在国家级教练的陪同指导下，游客可以换个视角看天蒙，这种创意营销活动尽管辐射游客较少，但是宣传营销效果不错。<br/>　　另外，龟蒙景区充分利用网络爆款“挑战门”吸引游客关注,游客纷纷尝试不同宽度的挑战门，只为证明自己很苗条，这一设计让疲惫的爬山路轻松下来。<br/>　　<strong>部分景区自驾游客占九成</strong><br/>　　随着私家车的日益普及和“五一”期间高速公路免收小型客车通行费，自驾游成为假日旅游的主角。近郊游、周边游、乡村游、亲子游火爆，以山水踏青、乡村体验为主的城市周边游需求旺盛。据山东省旅游发展委统计，临沂市、淄博市等重点景区自驾车游客占90%以上。济宁梁山景区周边每天车辆达到2000余——汶上县、兖州区接待家庭式自驾游、自助游比例达到70%。<br/>　　“五一”期间，除了人挤人的照——济南九如山、济南野生动物园等景区航拍了停满车的停车场，颇为壮观。据九如山瀑布群风景区相关负责人介绍，4月30日当天是九如山开业以来散客最多的一天,超过八成。<br/>　　4月30日是泰山景区人流量最大的一天，当天上午9点半，免费向市民和游客开放的泰安市政中心就已经停满车，据了解，泰安市政中心地上、地下所有停车位以及周边道路停车位共有近2000余个。<br/>　　在此之前，台儿庄古城也曾经历过进城堵车十余公里的状况，在自驾车出游日益火爆的当系，交通、停车压力陡增。<br/>　　据业内人士表示，清明、五一只有三天假期，对绝大多数游客来说会选择短途近郊游，而目前来看短途旅行最方便的方式就是自驾车。以目前的状况来看，绝大多数景区的基础设施建设难以满足自驾车游客的暴增，才导致部分道路拥堵，交通不畅。从另一方面来说，有知名景区景点的城市也缺少便利的公共交通为自助游游客提供方便，这也成为自驾车越来越多的因素之一。最后，还是要呼吁游客绿色出行，交通便利的市区景点尽量选择公共交通工具。<br/>　　<strong>走进乡村，享受独特乡野美</strong><br/>　　今年“五一”，乡村旅游延续了近年来的火爆形势，全省各地乡村旅游点推出特色游玩方式。<br/>　　“五一”期间，烟台市举办了“千万人游乡村”活动，整合乡村旅游集中连片区、特色旅游小镇、休闲度假村、观光采摘园、葡萄酒庄等乡村旅游优势载体，推出10条精品线路和32项主题活动，培育打造了一批“品牌叫得响、游客留得下”的乡村旅游精品。<br/>　　同时，烟台市开通了乡村旅游直通车，发布8条春季游热门推荐线路，推出应时应季的“烟台乡村旅游直通车”产品。3天时间共发送直通车300多辆，接待游客人数13000多人。<br/>　　淄博中郝峪村、泉子村、南沙井等乡村旅游点以主题篝火晚会、拓展培训、品尝农家饭菜、体验古朴民风、呼吸新鲜空气等特色受到游客的青睐。<br/>　　滨州狮子刘片区及黄河古村风情带举办了狮子刘花田运动嘉年华、“舞彩中国梦”亲子拓展运动会、“境有边、心无界”极限运动表演活动等。<br/>　　此外，枣庄山亭柜族部落客房入住率达到100%，仅住宿收入就达到3万余元。短途自驾成出行主流。随着私家车的日益普及和“五一”期间高速公路免收小型客车通行费，自驾游成为假日旅游的主角。<br/>　　<strong>维护安全，不少景区24小时值班</strong><br/>　　假日旅游安全，一直是全省各地关注的焦点。“五一”小长假节前，山东省旅游发展委联合相关省直部门组成8个专项督察组分赴全省17市，开展了旅游安全督导大检查。<br/>　　督导检查的重点是旅行社、旅游景区、星级饭店、工农业旅游示范点、好客人家农家乐、旅游购物店等各旅游服务等级资质经营者和旅游交通服务单位，同时督促各地交通、公安、运管、航空等部门以及车站、空港、码头、高速公路、收费站等单位进一步加强了保障，确保了游客安全、有序、便捷出行。<br/>　　另外，全省主要旅游景区重点区域和旅游线路流量实行了分级监控管理，实现了有序分流。<br/>　　假日期间，全省接受有效投诉17件，经值班人员积极协调，所有投诉均已妥善处理。未发生重大旅游投诉和旅游安全事件，旅游市场运行良好。', 0, 0, '2018-06-11 23:46:36', 1, '济南 好客山东', NULL, 'FE4A6A75AEBA454B88EA08293A306281');
INSERT INTO `article` VALUES ('E5E05906AD5E44938E0D2F886D1D8C4F', '郭沫若四赋泰山', '见妳与众生', '1961年5月，已逾古稀之年的郭沫若，登游泰山。在两天的游程里，抒发豪情壮志，赞美泰山壮丽景色，并赋诗四首。     \n登山一路，郭老兴致很高，不顾磴道险峻，仍然谈笑风生，说古论今，观览沿途风光，赞叹不止。中天门小憩后，继续攀登，穿步云桥，观五大夫松，赏松山。只见双峰对峙，绝壁生松，层层叠叠。突然，乌云穿行其', '1961年5月，已逾古稀之年的郭沫若，登游泰山。在两天的游程里，抒发豪情壮志，赞美泰山壮丽景色，并赋诗四首。<p>&nbsp;&nbsp;&nbsp;&nbsp; \n登山一路，郭老兴致很高，不顾磴道险峻，仍然谈笑风生，说古论今，观览沿途风光，赞叹不止。中天门小憩后，继续攀登，穿步云桥，观五大夫松，赏松山。只见双峰对峙，绝壁生松，层层叠叠。突然，乌云穿行其间，风起松涛鸣，似巨浪拍岸，令人心荡松谷。骤雨袭来，郭老为此佳境所动，赋诗一首：</p><p>&nbsp;&nbsp;&nbsp; 人来看万松，雾至万松蒙。</p><p>&nbsp;&nbsp;&nbsp; 冠沐及时雨，襟披下岭风。</p><p>&nbsp;&nbsp;&nbsp; 拿云伸臂手，饮瀣溢心胸。</p><p>&nbsp;&nbsp;&nbsp;&nbsp;磴道千寻尽，碧霞铁瓦红。</p><p>&nbsp;&nbsp;&nbsp; 次日清晨，攀登动人心魄的十八盘。十八盘宛如玉带，云梯高悬。此时，凉风习习，寒气逼人，清风万里。由南天门回首，只见山道渺远，山峦俯归，青峰浮云，碧海涌波，犹如置身霄汉。郭老依然意气风发，“只管攀登不问高”，不禁吟咏道：‘</p><p>&nbsp;&nbsp;&nbsp; 麓下培楼视，登临始觉奇。</p><p>&nbsp;&nbsp;&nbsp; 危岩森壁垒 ，盘道上天梯。</p><p>&nbsp;&nbsp;&nbsp; 云雾移时合，雷霆指路迷。</p><p>&nbsp;&nbsp;&nbsp; 我来登极顶，果见众山低。</p><p>&nbsp;&nbsp;&nbsp; \n中午登上极顶，夜宿宾馆。次日清晨，星斗尚未隐去，郭老就登临最高峰——玉皇顶东侧的日观亭。玉皇顶又叫岱顶，玉皇庙内有极顶石，上刻“极顶”二字。在这里可观赏到“旭日东升”、“晚霞夕照”、“黄河玉带”、“云海玉盘”四大奇观。郭老准备一睹“旭日东升”，但事不如愿。这天，东方被铅灰色的天幕盖住，脚下的鹰愁涧泛起团团白雾。顷刻间，整个天际像大海波澜翻滚不息。虽观日未遂，却看到“泰山云海”的壮景，于是他即兴写下《在极顶观日出未遂》：</p><p>&nbsp;&nbsp;&nbsp; 夙兴观日出，星月在中天。</p><p>&nbsp;&nbsp;&nbsp; 飞雾岭头急，稠云海上旋。</p><p>&nbsp;&nbsp;&nbsp; 晨曦光晦若，东壁石巍然。</p><p>&nbsp;&nbsp;&nbsp; 摩抚碑无字，回思汉武年。</p><p>&nbsp;&nbsp;&nbsp; 郭老下山途中，又转道游览“大字鼻祖”、“榜书文字”的经石峪，细观石坪上的大字后，题诗一首：</p><p>&nbsp;&nbsp;&nbsp; 经字大如斗，北齐人所书。</p><p>&nbsp;&nbsp;&nbsp; 千年风韵在，一亩石坪铺。</p><p>&nbsp;&nbsp;&nbsp; 阅历久愈久，摧残无代无。</p><p>&nbsp;&nbsp;&nbsp; 只今逢解放，庶不再模糊。</p><p>&nbsp;&nbsp;&nbsp; 郭老的登泰山诗，不仅赞美祖国的大好河山，而且还兼及古迹的保护、建设和对文物的考证，情真意切，堪称千古绝唱，为古老的泰山又增添了一座文化的奇峰。</p>', 0, 0, '2018-06-11 23:49:16', 0, '郭沫若 泰山', NULL, 'FE4A6A75AEBA454B88EA08293A306281');
INSERT INTO `article` VALUES ('FFAA0E846FA241FB996748147E6536E4', '测试账户', '官方人员', '测试一下，是不是好使！挺好使的哈！', '<p>测试一下，是不是好使！挺好使的<br/></p>', 0, 0, '2018-06-12 00:19:42', 0, '测试 好使', '3986FEAEA5904C55BA37706D0A467780', NULL);

-- ----------------------------
-- Table structure for image
-- ----------------------------
DROP TABLE IF EXISTS `image`;
CREATE TABLE `image`  (
  `ID` varchar(255) CHARACTER SET utf8 COLLATE utf8_general_ci NOT NULL,
  `NAME` varchar(255) CHARACTER SET utf8 COLLATE utf8_general_ci NULL DEFAULT NULL,
  `ADDRESS` varchar(255) CHARACTER SET utf8 COLLATE utf8_general_ci NULL DEFAULT NULL,
  `IMAGEDESCRIBE` varchar(255) CHARACTER SET utf8 COLLATE utf8_general_ci NULL DEFAULT NULL,
  PRIMARY KEY (`ID`) USING BTREE
) ENGINE = InnoDB CHARACTER SET = utf8 COLLATE = utf8_general_ci ROW_FORMAT = Dynamic;

-- ----------------------------
-- Table structure for landmark
-- ----------------------------
DROP TABLE IF EXISTS `landmark`;
CREATE TABLE `landmark`  (
  `ID` varchar(255) CHARACTER SET utf8 COLLATE utf8_general_ci NOT NULL,
  `LAT` double NULL DEFAULT NULL,
  `LNG` double NULL DEFAULT NULL,
  `NAME` varchar(255) CHARACTER SET utf8 COLLATE utf8_general_ci NULL DEFAULT NULL,
  `TEL` varchar(255) CHARACTER SET utf8 COLLATE utf8_general_ci NULL DEFAULT NULL,
  `IMG` varchar(255) CHARACTER SET utf8 COLLATE utf8_general_ci NULL DEFAULT NULL,
  `SUBJECT` varchar(255) CHARACTER SET utf8 COLLATE utf8_general_ci NULL DEFAULT NULL,
  PRIMARY KEY (`ID`) USING BTREE
) ENGINE = InnoDB CHARACTER SET = utf8 COLLATE = utf8_general_ci ROW_FORMAT = Dynamic;

-- ----------------------------
-- Records of landmark
-- ----------------------------
INSERT INTO `landmark` VALUES ('4A651FEC678248EE9419021F679DDB9C', 36.681197, 117.038578, '济南市历下区超然楼', '0531-86088945', '', '江北第一楼——超然楼，位于济南天下第一泉风景区大明湖畔。是一座拥有几百年历史的名楼，始建于元代。');
INSERT INTO `landmark` VALUES ('84A56DCBBFF64771B35B6C95BB89D976', 36.672192, 117.02127, '济南市天桥区五龙潭公园', '0531-86924835', '', '五龙潭也是济南一大奇迹，位于济南旧城西门外，泺源桥北，因内有五龙潭而得名。五龙潭居公园中部。据《水经注》记载，北魏以前就有这片水，称净池，是大明湖的一隅。相传，五龙潭昔日潭深莫测，每遇大旱，祷雨则应，故元代有好事者在潭边建庙，内塑五方龙神，自此便改称五龙潭。');
INSERT INTO `landmark` VALUES ('85E7FAE6D3874D6CB002E1F4775F9547', 36.681409, 117.032386, '济南市历下区大明湖公园', '0531-86088945', '', '四面荷花三面柳，一城山色半城湖。济南三大名胜之一，是繁华都市中一处难得的天然湖泊，素有“泉城明珠”的美誉它位于济南市中心偏东北处、旧城区北部。早在唐宋时期，大明湖就以其撼人心弦的美景而闻名四海。“蛇不见，蛙不鸣，久雨不涨，久旱不涸”为大明湖的四大怪。');
INSERT INTO `landmark` VALUES ('981862EFFC2C4B219EB39E9C367BA6F9', 36.491917, 117.174948, '济南市历城区红叶谷', '0531-82818666', '', '红叶谷生态文化旅游区是由济南园林开发建设集团兴建的以生态文化为主题的大型近郊旅游风景区。位于济南南部山区仲宫镇，距济南市区33千米，紧靠南绕城高速济南南出口并与京福高速公路相连，有省道327线直达，交通便利，地理位置得天独厚。');
INSERT INTO `landmark` VALUES ('CD5246236E554C68BDB76A96FAC55DC3', 36.667945, 117.022831, '济南市市中区趵突泉', '0531-86920680', '', '海内之名泉第一，齐门之胜地无双，天下第一泉风景区位于济南市市中心，由“一河（护城河）一湖（大明湖）三泉（趵突泉、黑虎泉、五龙潭三大泉群）四园（趵突泉公园、环城公园、五龙潭公园、大明湖风景名胜区）”组成。');
INSERT INTO `landmark` VALUES ('E439095284454EFE8452485047E5C9D5', 36.725019, 117.544882, '济南市章丘区百脉泉公园', '0531-83239900', '', '百脉泉公园座落在明水东侧，因闻名遐迩的百脉泉而得名，是全球优秀生态旅游景区、国家4A级旅游景区、山东省服务名牌，总面积1300亩。景区以独特的泉水为载体，以深厚的文化为底蕴，彰显鲜明的地域特色，弘扬卓然一家的清照文化，形成了泉水景观、生态景观、文化景观于一体的山水文化园林。');
INSERT INTO `landmark` VALUES ('FD688245735F4E81BB94C81326B77039', 36.371032, 116.993301, '济南市长清区灵岩寺旅游区', '0531-87468097', '', '灵岩寺风景区位于济南市长清区万德街道境内，北依济南，南靠泰山，为山东地区佛教圣地，以其悠久的宗教历史和深厚的文化内涵驰名于世，明代文学家王世贞有“灵岩是泰山背最幽绝处，游泰山不至灵岩不成游也”之说。');

-- ----------------------------
-- Table structure for resource
-- ----------------------------
DROP TABLE IF EXISTS `resource`;
CREATE TABLE `resource`  (
  `ID` varchar(255) CHARACTER SET utf8 COLLATE utf8_general_ci NOT NULL,
  `RESNAME` varchar(255) CHARACTER SET utf8 COLLATE utf8_general_ci NULL DEFAULT NULL,
  `REMARK` varchar(255) CHARACTER SET utf8 COLLATE utf8_general_ci NULL DEFAULT NULL,
  `DETAIL` varchar(255) CHARACTER SET utf8 COLLATE utf8_general_ci NULL DEFAULT NULL,
  `ISUSED` int(11) NULL DEFAULT NULL,
  PRIMARY KEY (`ID`) USING BTREE
) ENGINE = InnoDB CHARACTER SET = utf8 COLLATE = utf8_general_ci ROW_FORMAT = Dynamic;

-- ----------------------------
-- Table structure for result
-- ----------------------------
DROP TABLE IF EXISTS `result`;
CREATE TABLE `result`  (
  `ID` varchar(255) CHARACTER SET utf8 COLLATE utf8_general_ci NOT NULL,
  `TITLE` varchar(255) CHARACTER SET utf8 COLLATE utf8_general_ci NULL DEFAULT NULL,
  `SUBJECT` varchar(1000) CHARACTER SET utf8 COLLATE utf8_general_ci NULL DEFAULT NULL,
  `KEYWORD` varchar(255) CHARACTER SET utf8 COLLATE utf8_general_ci NULL DEFAULT NULL,
  `TIME` datetime(0) NULL DEFAULT NULL,
  `TYPE` int(11) NULL DEFAULT NULL,
  `ARTICLEID` varchar(255) CHARACTER SET utf8 COLLATE utf8_general_ci NULL DEFAULT NULL,
  `SCENICSPOTID` varchar(255) CHARACTER SET utf8 COLLATE utf8_general_ci NULL DEFAULT NULL,
  PRIMARY KEY (`ID`) USING BTREE
) ENGINE = InnoDB CHARACTER SET = utf8 COLLATE = utf8_general_ci ROW_FORMAT = Dynamic;

-- ----------------------------
-- Records of result
-- ----------------------------
INSERT INTO `result` VALUES ('2E5CD74128044345A52C3A7F24A5E3D6', '章丘百脉泉公园', '百脉泉公园，位于济南市章丘明水境内，这里是龙山文化的发祥地，一代词宗李清照的故里。景区以群泉自然喷涌成湖而著称，景区内群泉鼎沸，杨柳染烟，画廊奇阁，宛如画卷，其中百脉泉、梅花泉、墨泉、东麻湾（万泉湖）被评为济南新七十二名泉。“百脉寒泉珍珠滚”，居章丘八景之首，是中国北方独具特色的泉景景区，享有“天下奇观”的美誉。景区建有儿童乐园区、名泉水景区、花园景树区、幽静学习区、密林散步区、龙泉寺、清照园、清照词园。景区层次变化丰富，意韵含蓄深远，步移景异，引人入胜。为纪念生于百脉泉畔的宋代女词人李清照而修建的清照园，以自然景观最美，建筑规模最大，文化品位最高，馆藏资料最全居全国四座李清照纪念馆之首。始建于明景泰元年的龙泉寺内，“品”形百脉泉涌珠浮翠，梵王宫大殿庄严雄伟，是泉水文化、历史文化、宗教文化有机融合的名胜景点。', NULL, '2018-06-11 23:29:41', 2, NULL, '680E70B57B1E47A1812354BA235C078C');
INSERT INTO `result` VALUES ('30184D516D5A4A88BBEA4F3E47D04B43', '济南“抖”起来，泰山挤油油 散客出游时代，游客爱上“好客山东”', '随着私家车的日益普及和“五一”期间高速公路免收小型客车通行费，自驾游成为假日旅游的主角。近郊游、周边游、乡村游、亲子游火爆，以山水踏青、乡村体验为主的城市周边游需求旺盛。　　“打卡”济南景点成时尚　　今年“五一”，全省范围内最火爆的城市不是泰安和青岛,而是一直有些温吞的济南。　　一首陈小熊的《济南济南》，成为', '济南 好客山东', '2018-06-11 23:46:36', 1, 'DB543854DCE44C38BCB1A2AEA54056F8', NULL);
INSERT INTO `result` VALUES ('44035777A2BC4B27B2A7AC9CE6A5FE8A', '心灵的震颤', '心灵的震颤——“我和泰山的故事”征文活动参赛作品    作者：赵谦       \n记得上世纪九十年代，在上海读大学的时候，同学问我：“你来自泰安，住在泰山脚下，一定经常爬泰山吧？”我颇为自豪地说那当然，爬了很多次呢。他们羡慕地问我，泰山一定很美吧。我说那还用说吗，美不胜收。把他们一个个说得热血沸腾。其实，说完', '心灵', '2018-06-11 23:48:32', 0, '6CD28B80B9A4412DBCA10E159A901652', NULL);
INSERT INTO `result` VALUES ('4E3495ED0A3F46FEA280F520F3C23545', '济南之行', '最后一次因为有你而去的这个城市了，正因为我们过得很开心，所以时间才会显得如此短暂。离别的不舍，是为了下一次更好的相聚，下次再回济南，应该就是去旅游了，到时候带上你开发的这个应用，我们一起去自驾游。', '自驾游 回忆 济南', '2018-06-11 23:10:18', 0, '7C60B61649784ACA83A8D298CF63157E', NULL);
INSERT INTO `result` VALUES ('52D5B4694AE34097A4F7C32132BD1A35', '应用评价', '很好的一款应用，特别棒的你，加油！', '应用 评价', '2018-06-11 23:10:49', 0, 'B9BDEFABF6CC4B2B9EB771BB1F46A0F2', NULL);
INSERT INTO `result` VALUES ('556846EB628149FE81F0AF74B89973A4', '日照旅游：靓展济南旅交会', '“2018山东（济南）国际旅游交易会（简称旅交会）”5月25——27日在济南盛大举行，市旅发委组织带领各区县旅游局及日照文旅集团、海洋文旅、海滨国家森林公园、浮来山景区、五莲山景区、日照海洋公园、阳光海岸露营公园等3O余家旅游企事业单位近100人组团参展借势营销。这是继4月份日照市在济南召开旅游推介会之后，日', '日照 旅游', '2018-06-11 23:44:41', 1, '31C6B9E981A74E908DBB7736ABBFBEFC', NULL);
INSERT INTO `result` VALUES ('5F381485DD3142E19D6CFC1BECFDF1D7', '我与泰山有个缘', '我与泰山有个缘——“我和泰山的故事”征文活动参赛作品  作者：赵青       \n我从小就生活在泰山脚下，一出家门就能看到泰山。小时候常常跟着父母到山脚下洗衣服、摸小鱼、捉螃蟹、采蘑菇、拾松塔，通常一玩儿就是一天，太阳落山时才依依不舍的回家去。泰山就像慈祥的老祖父端坐在那里，而我就在他的肩头、膝下，攀爬着、嬉', '济南 泰山', '2018-06-11 23:47:59', 0, '88B311107E5C43738008C3F1986E8BD5', NULL);
INSERT INTO `result` VALUES ('6705502424154D17914D029EF66B3B0F', '展现泉城范儿！百花洲北入口打造济南老院，下月完工', '2016年6月1日,百花洲一期项目正式开园,至今已经整整两年,逐渐为济南市民所青睐。其间百花洲旅游项目逐步丰富,但是北入口却略显简陋。今年5月5日,北入口景观提升工程正式开工,7月20日将完工,目前工期将近过半。北入口景观提升,就是要展示泉城特色风貌,提升整个明府城的文化旅游价值。　　目前工期近半，面积两三百', '济南 百花洲 泉城', '2018-06-11 23:40:00', 1, 'B4F444C22F214DCAB6207E3B873B1689', NULL);
INSERT INTO `result` VALUES ('6A89E3292F6842DAACA4C387ADAEF9D3', '爱上泰山的山，爱上泰山的人', '爱上泰山的山，爱上泰山的人——“我和泰山的故事”征文活动参赛作品  作者：吕晓明       2007年7月20日，那天对于我来说是一个非常特别的日子。       \n在那一天，我又一次来到了泰山的玉皇顶。在玉皇庙的同心锁链的旁边，我一个人矗立了很久很久。望着我和东旭的那把早已经被淹没在锁群里的同心锁，一股莫', '泰山的山 泰山的人', '2018-06-11 23:52:07', 0, '17ED08D7134B4F8995B7C50FF0AEEA17', NULL);
INSERT INTO `result` VALUES ('7633D6E1DFD4463FB9B4892830F9B867', '济南红叶谷生态文化旅游区 ', '红叶谷生态文化旅游区位于济南市历城区锦绣川乡南部山区，是一处集游览观光、休闲、科普、娱乐、赏红叶等于一体的南部山区旅游景点。红叶谷以野生灌木丛黄栌为主，是红叶谷独有的观赏树种。红叶谷海拔500米左右，平均气温比市区低5摄氏度左右，山地小气候较为明显，景区的植被覆盖率达97%，空气中负氧离子的含量是市区的300多倍，是一处“天然氧吧”，故称红叶谷是“泉的源头、云的故乡、花的世界、林的海洋、休闲度假的天堂”。 红叶谷一谷有四季，四季不同天，是一年四季休闲度假的好去处。春天，杂花生树，群莺乱飞，红的碧桃，白的梨花，黄的连翘星罗棋布的点缀在一片生机盎然的山林中；夏日，谷中一片心动的郁郁葱葱，飞瀑湍流，山风送爽，谷长景深，流水潺潺，是难得的避暑胜地：秋天，登高送目，万山红遍，层林尽染，美不胜收；冬日，白雪皑皑，玉树琼花，阳光纯净而明媚。', NULL, '2018-06-11 23:26:07', 2, NULL, '6AED583364214F5A9742C9071752054F');
INSERT INTO `result` VALUES ('765163E38CA748338440FC1D425EE0BE', '济南大明湖风景名胜区 ', '大明湖是济南三大名胜之一，位于老城区东北，曾名“莲子湖”、“西湖”，金代始称大明湖。明代重修城墙，大明湖遂成今日形貌。大明湖由城内众泉汇流而成，水质清冽，游鱼可见，平均水深2米左右。沿湖800余株垂柳环绕和40余亩白荷红莲，构成了“四面荷花三面柳，一城山色半城湖”的秀美画卷。济南八景中的“鹊华烟雨”、“汇波晚照”、“佛山倒影”、“明湖秋月”均可在大明湖上观赏。大明湖园内名胜遍布，计有一阁、二园、四祠、十亭，还有书画展览馆、碑刻展等人文景观。大明湖新区于2009年扩建，免费开放。主要标志性景点有超然楼、曾堤、水云居等。其中，小东湖风格别具，为“新明湖”的重要景观，是护城河游船进入大明湖的必经之路。', NULL, '2018-06-11 23:23:06', 2, NULL, '3DC57565428F4A02AE34299E20288FF9');
INSERT INTO `result` VALUES ('8C2594BD755740D0AB0262152270B95E', '济南灵岩寺旅游区 ', '灵岩寺，始建于东晋，佛教底蕴丰厚，距今己有1600多年的历史。自唐代起与浙江国清寺、南京栖霞寺、湖北玉泉寺并称“海内四大名刹”，并名列其首。灵岩寺旅游区群山环抱、岩幽壁峭；柏檀叠秀、泉甘茶香；古迹荟萃、佛音袅绕。不仅有高耸入云的辟支塔，传说奇特的铁袈裟；亦有隋唐时期的般舟殿，宋代的彩色泥塑罗汉像；更有“镜池春晓”、“方山积翠”、“明孔晴雪”等自然奇观。故明代文学家王世贞有“灵岩是泰山背最幽绝处，游泰山不至灵岩不成游也”之说。', NULL, '2018-06-11 23:33:06', 2, NULL, 'FA2D0B993F0740E389B6950D8EF4F293');
INSERT INTO `result` VALUES ('9039FCFD139E48C58BE843404C4D281B', '浓墨重彩看泰山——宋遂良', '早就听说泰安有个《泰山封禅》的山水实景演出很精彩,并有“游泰山,必看封禅”的说赞。因为以桂林、丽江、西湖“印象”为代表的这类演出近年来遍及大江南北、塞北秦川,我也看过一些,物以多为贱,也就迟迟未去问津。不料今年却有幸陪客人连看了两遍,来客大加赞赏。因为都是些见过世面的文化人,他们的肯定也使我这个在泰安住过20', '浓墨重彩 泰山', '2018-06-11 23:51:10', 0, '6B407563851E403994577848BA5F693A', NULL);
INSERT INTO `result` VALUES ('9074A69C57AC45409E0A018186F33527', '从神话传说探秘泰山玉', '近期，一则有关泰安玉石的新闻吸引了很多读者的关注，在泰山西麓初步勘探出一个储量大约为900万吨左右的玉矿带。泰山玉早已有之，但这次的发现能为泰山玉带来什么？泰山玉究竟蕴含着哪些历史文化元素？泰山玉为何会引起这么多人的关注？带着这些问题，记者又一次来到泰山玉的出产地——泰安，试图找到这些问题的答案。　　 500', '神话传说 泰山玉', '2018-06-11 23:50:19', 0, '8980CB959131421CAF1D26AC83AF0C38', NULL);
INSERT INTO `result` VALUES ('9350E2C446AB42F499D4F20541413738', '济南解放阁逢周一闭馆！免费参观要凭本人有效证件！', '解放阁是济南战役攻城突破口遗址，山东省文物保护单位，山东省爱国主义教育基地，山东省革命传统教育基地。　　近年来，解放阁日均客流量近千人次，周末接待团队较多，日客流量可达3000人次。展室设备长期处于超负荷运转状态，室内展橱、照明灯、触摸屏、解说文字等都需要日常维护保养。　　为加强解放阁保护，提升管理水平，确保', '济南 解放阁', '2018-06-11 23:43:00', 1, '589A18ED254E43A79CACBC7C0BCECECF', NULL);
INSERT INTO `result` VALUES ('98397C5DFB1E4E4B99011F74B3B0142A', '测试一下', '123456789', 'test', NULL, 0, '26A3AD17AEC74D4BA05653EA1641B039', NULL);
INSERT INTO `result` VALUES ('989C5FACAF4E4554B5C6A6E6399CC1A7', '测试账户', '测试一下，是不是好使！挺好使的哈！', '测试 好使', NULL, 0, 'FFAA0E846FA241FB996748147E6536E4', NULL);
INSERT INTO `result` VALUES ('9C8B3831F41E4A2BBDF062596674514E', '济南九如山瀑布群风景区', '九如山瀑布群风景区是国家AAAA级景区、国家森林公园，位于山东省济南市历城区西营镇，地处泰山北麓，东临章丘，南接莱芜和泰安，距离济南市区48千米。九如山素有“一步跨两国（齐国、鲁国），一脚踏四地（历城、章丘、莱芜、泰安）”之称。景区内自然资源得天独厚，原始景观独具特色。36平方千米的连绵群山，峰峦叠嶂，峡谷纵横，森林茂密，山泉遍布，溪流交错，瀑布成群。这些令人震撼的景观由长达10千米的实木栈道巧妙连缀在一起，形成了以八潭、九瀑、二十四泉、三十六峰为核心景观，以山峰、栈道、山泉、溪流、瀑布、深潭为特色的中国北方罕见的大型生态自然景区。同时它又是“泉城七十二名泉”的发源地——济南南部山区三川之一锦绣川的源头。现在已经建成的有九如峡谷、天蓬瀑布、深潭飞瀑、长城古道四大景观区域。', NULL, '2018-06-11 23:18:29', 2, NULL, '138B9FF8676D4E62AC36F6A6E072E9DD');
INSERT INTO `result` VALUES ('CDC33C955D3A4E4282F0BCEDB36CE4E2', '济南济阳县乡村旅游正当时', '日前，济阳县首次亮相2018山东（济南）国际旅游交易会，会上，济阳展区对当地旅游线路进行了集中推介，众多乡村旅游特色商品的展卖受到现场观众的追捧。　　济阳作为省城近郊县，济阳具有发展旅游业的区位优势和资源优势，乡村旅游资源禀赋较好。用好资源，走好属于济阳自己的路，是济阳旅游跨越式发展的重要保证。　　资源优势得', '济南 济阳县 乡村旅游', '2018-06-11 23:42:24', 1, '8BD1459569DC448381C9E832C16A8959', NULL);
INSERT INTO `result` VALUES ('CDE7F74E26BB49BAA5C7529E1A621A92', '济南正从门票经济向旅游产业经济转型', '今年“五一”假期，提升后免费开放的济南国际园博园迎来了超过20万的游客，这个数字能与园博园9年前开园时媲美。去年元旦开始免费的大明湖也已经交出了人气答卷，连续两年“五一”客流都比免费前增加数倍。在从门票经济向旅游产业经济转型的过程中，济南已经看到了旅游业发展的新希望。　　免费后单日入园人次　刷新开园以来纪录　', '济南 正从门 经济转型', '2018-06-11 23:45:52', 1, '3DC5F28771314019A8E2B822A5372F57', NULL);
INSERT INTO `result` VALUES ('EB8C987C49A14AC3861874D4A88B71F9', '济南市旅游协会第五届会员大会暨济南市旅游联合会成立大会在济南召开', '5月31日，济南市旅游协会召开第五届会员代表大会暨济南市旅游联合会成立大会。济南市旅游发展委员会主任郅良、副主任闫险峰出席大会，省旅游协会王德刚会长、尚玉轩秘书长到会祝贺。会议选举山东省交通运输集团董事长吴宗昌为联合会会长。　　会议审议通过了济南市旅游协会第四届理事会工作报告、济南市旅游协会章程修稿草案，完成', '济南市 旅游联合会 第五届', '2018-06-11 23:40:59', NULL, 'C98D7BD88B424D768337C5188067D5BB', NULL);
INSERT INTO `result` VALUES ('FCBDC2E3729B493B90B65CE9BFEA7D68', '郭沫若四赋泰山', '1961年5月，已逾古稀之年的郭沫若，登游泰山。在两天的游程里，抒发豪情壮志，赞美泰山壮丽景色，并赋诗四首。     \n登山一路，郭老兴致很高，不顾磴道险峻，仍然谈笑风生，说古论今，观览沿途风光，赞叹不止。中天门小憩后，继续攀登，穿步云桥，观五大夫松，赏松山。只见双峰对峙，绝壁生松，层层叠叠。突然，乌云穿行其', '郭沫若 泰山', '2018-06-11 23:49:16', 0, 'E5E05906AD5E44938E0D2F886D1D8C4F', NULL);
INSERT INTO `result` VALUES ('FE9B6BA46938451FA971830281515CC5', '济南华侨城项目开工，章丘两大文旅项目全面展开', '“济南华侨城项目是继明水古城之后，章丘区开工的又一重大文旅项目，也标志着带动章丘区城市产业转型的‘五朵金花’全面开工。”5月28日，在济南华侨城项目开工仪式上，章丘区委书记刘天东说，这一项目开工，将有力增强章丘的商业、会展、体育、文化演艺等服务功能，形成建设省会城市群CAZ的重要窗口，带动章丘新旧动能转换大步', '济南 华侨城 章丘 文旅', '2018-06-11 23:43:51', 1, '6676DA2FD6834664800D05BBC9723905', NULL);

-- ----------------------------
-- Table structure for role
-- ----------------------------
DROP TABLE IF EXISTS `role`;
CREATE TABLE `role`  (
  `ID` varchar(255) CHARACTER SET utf8 COLLATE utf8_general_ci NOT NULL,
  `ROLENAME` varchar(255) CHARACTER SET utf8 COLLATE utf8_general_ci NULL DEFAULT NULL,
  `ISUSED` int(11) NULL DEFAULT NULL,
  `DETAIL` varchar(255) CHARACTER SET utf8 COLLATE utf8_general_ci NULL DEFAULT NULL,
  PRIMARY KEY (`ID`) USING BTREE
) ENGINE = InnoDB CHARACTER SET = utf8 COLLATE = utf8_general_ci ROW_FORMAT = Dynamic;

-- ----------------------------
-- Table structure for role_resource_mapping
-- ----------------------------
DROP TABLE IF EXISTS `role_resource_mapping`;
CREATE TABLE `role_resource_mapping`  (
  `ID` varchar(255) CHARACTER SET utf8 COLLATE utf8_general_ci NOT NULL,
  `ROLE` varchar(255) CHARACTER SET utf8 COLLATE utf8_general_ci NULL DEFAULT NULL,
  `RESOURCE` varchar(255) CHARACTER SET utf8 COLLATE utf8_general_ci NULL DEFAULT NULL,
  PRIMARY KEY (`ID`) USING BTREE,
  INDEX `FKeg1k8vlsp42uks2v7fojp6bys`(`ROLE`) USING BTREE,
  INDEX `FK8j7w2n6ivwyxad0dlonglsmg8`(`RESOURCE`) USING BTREE,
  CONSTRAINT `FK8j7w2n6ivwyxad0dlonglsmg8` FOREIGN KEY (`RESOURCE`) REFERENCES `resource` (`ID`) ON DELETE RESTRICT ON UPDATE RESTRICT,
  CONSTRAINT `FKeg1k8vlsp42uks2v7fojp6bys` FOREIGN KEY (`ROLE`) REFERENCES `role` (`ID`) ON DELETE RESTRICT ON UPDATE RESTRICT
) ENGINE = InnoDB CHARACTER SET = utf8 COLLATE = utf8_general_ci ROW_FORMAT = Dynamic;

-- ----------------------------
-- Table structure for scenicspot
-- ----------------------------
DROP TABLE IF EXISTS `scenicspot`;
CREATE TABLE `scenicspot`  (
  `ID` varchar(255) CHARACTER SET utf8 COLLATE utf8_general_ci NOT NULL,
  `NAME` varchar(255) CHARACTER SET utf8 COLLATE utf8_general_ci NULL DEFAULT NULL,
  `TAGLINE` varchar(255) CHARACTER SET utf8 COLLATE utf8_general_ci NULL DEFAULT NULL,
  `LEVEL` varchar(255) CHARACTER SET utf8 COLLATE utf8_general_ci NULL DEFAULT NULL,
  `DEFAULTPHOTO` varchar(255) CHARACTER SET utf8 COLLATE utf8_general_ci NULL DEFAULT NULL,
  `TICKETPRICE` varchar(255) CHARACTER SET utf8 COLLATE utf8_general_ci NULL DEFAULT NULL,
  `INTRO` varchar(1000) CHARACTER SET utf8 COLLATE utf8_general_ci NULL DEFAULT NULL,
  `CNAME` varchar(255) CHARACTER SET utf8 COLLATE utf8_general_ci NULL DEFAULT NULL,
  `FEATURE` varchar(1000) CHARACTER SET utf8 COLLATE utf8_general_ci NULL DEFAULT NULL,
  `LINE` varchar(1000) CHARACTER SET utf8 COLLATE utf8_general_ci NULL DEFAULT NULL,
  `TEL` varchar(255) CHARACTER SET utf8 COLLATE utf8_general_ci NULL DEFAULT NULL,
  `GUIDEMAN` varchar(1000) CHARACTER SET utf8 COLLATE utf8_general_ci NULL DEFAULT NULL,
  `ADDRESS` varchar(255) CHARACTER SET utf8 COLLATE utf8_general_ci NULL DEFAULT NULL,
  `TIME` varchar(255) CHARACTER SET utf8 COLLATE utf8_general_ci NULL DEFAULT NULL,
  `SUPPORTING` varchar(1000) CHARACTER SET utf8 COLLATE utf8_general_ci NULL DEFAULT NULL,
  `COSTTIME` varchar(255) CHARACTER SET utf8 COLLATE utf8_general_ci NULL DEFAULT NULL,
  `WEBSITE` varchar(255) CHARACTER SET utf8 COLLATE utf8_general_ci NULL DEFAULT NULL,
  `SERVICECENTER` varchar(1000) CHARACTER SET utf8 COLLATE utf8_general_ci NULL DEFAULT NULL,
  `PRICEDESCRIPTION` varchar(1000) CHARACTER SET utf8 COLLATE utf8_general_ci NULL DEFAULT NULL,
  `DISCOUNT` varchar(1000) CHARACTER SET utf8 COLLATE utf8_general_ci NULL DEFAULT NULL,
  `BUS` varchar(1000) CHARACTER SET utf8 COLLATE utf8_general_ci NULL DEFAULT NULL,
  `DRIVING` varchar(1000) CHARACTER SET utf8 COLLATE utf8_general_ci NULL DEFAULT NULL,
  `PARK` varchar(1000) CHARACTER SET utf8 COLLATE utf8_general_ci NULL DEFAULT NULL,
  `SIGN` int(11) NULL DEFAULT NULL,
  `RELEASEDATE` datetime(0) NULL DEFAULT NULL,
  `MANAGEMENT` varchar(255) CHARACTER SET utf8 COLLATE utf8_general_ci NULL DEFAULT NULL,
  PRIMARY KEY (`ID`) USING BTREE
) ENGINE = InnoDB CHARACTER SET = utf8 COLLATE = utf8_general_ci ROW_FORMAT = Dynamic;

-- ----------------------------
-- Records of scenicspot
-- ----------------------------
INSERT INTO `scenicspot` VALUES ('138B9FF8676D4E62AC36F6A6E072E9DD', '济南九如山瀑布群风景区', '一步跨两国，一脚踏四地，天赐九如欢迎您！', 'AAAA级', 'images_jinan/scenicSpot/jiurushan.jpg', '60', '九如山瀑布群风景区是国家AAAA级景区、国家森林公园，位于山东省济南市历城区西营镇，地处泰山北麓，东临章丘，南接莱芜和泰安，距离济南市区48千米。九如山素有“一步跨两国（齐国、鲁国），一脚踏四地（历城、章丘、莱芜、泰安）”之称。景区内自然资源得天独厚，原始景观独具特色。36平方千米的连绵群山，峰峦叠嶂，峡谷纵横，森林茂密，山泉遍布，溪流交错，瀑布成群。这些令人震撼的景观由长达10千米的实木栈道巧妙连缀在一起，形成了以八潭、九瀑、二十四泉、三十六峰为核心景观，以山峰、栈道、山泉、溪流、瀑布、深潭为特色的中国北方罕见的大型生态自然景区。同时它又是“泉城七十二名泉”的发源地——济南南部山区三川之一锦绣川的源头。现在已经建成的有九如峡谷、天蓬瀑布、深潭飞瀑、长城古道四大景观区域。', '风景名胜区(国家级)', '九如听瀑：泉城新八景之一。九如山为泰岱余脉，群山连绵，峰峦层叠，灵秀之气，贯穿上下，森林氧吧，弥漫四周。纯净的原始生态孕育了峡谷、奇峰、丛林，喷发出山泉、溪流、瀑布、深潭，云蒸霞蔚，交织出绚丽的自然景观。九如山的瀑布似银珠飞落，知名者号称九瀑，彰显的是灵动，送出的是畅快，构成的是沁人肺腑的群瀑风光。', '直符潭—雨水泉—螣蛇潭—立夏泉—天柱瀑—六合潭—天心瀑—白虎潭—九地潭—九天潭—天芮瀑—鹿鸣苑—小天英瀑—天英瀑—天任瀑—天冲瀑—天池—无亭（山顶）', '0531-82826666', '景区内有18位定岗游程咨询员，全程免费', '济南市历城区西营镇葫芦峪村', '8:00-17:00', '景区内设有滴水崖饭店、不二木居以及各种小商亭等', '大约5小时', 'http://www.jiurushan.cn', '九如山游客中心紧邻景区第二停车场、售票处、检票处，集咨询投诉、购物休闲、旅游集散、综合服务于一体', '九如山实行一票制', '持老年证、学生证、军官证、士兵证、身高1.4米以上儿童：80元/人；持残疾证、身高1.2米-1.4米儿童：40元/人；身高1.2米以下儿童、持军残证、市级以上记者证、电子导游证、70岁以上持老年证免票', '从燕山立交桥北站乘坐312路公交车，到九如山站下车，直达九如山门口；从二环东路文化东路站乘坐65路公交车，到西营站下车，换乘329路，直达九如山门口；从燕山立交桥北站乘坐326路公交车，到西营站下车，换乘312路、329路，直达九如山门口', '京福高速—济南绕城高速南口下—仲宫镇东行—327省道—西营镇（东行）—九如山，下高速后约50分钟车程', '停车场位于景区门口，可停放大约2000辆车辆', 1, '2018-06-11 23:18:29', '南部山区管委会');
INSERT INTO `scenicspot` VALUES ('3DC57565428F4A02AE34299E20288FF9', '济南大明湖风景名胜区 ', '天下第一泉欢迎您！', 'AAA级', 'images_jinan/scenic/daminghu.jpg', '17', '大明湖是济南三大名胜之一，位于老城区东北，曾名“莲子湖”、“西湖”，金代始称大明湖。明代重修城墙，大明湖遂成今日形貌。大明湖由城内众泉汇流而成，水质清冽，游鱼可见，平均水深2米左右。沿湖800余株垂柳环绕和40余亩白荷红莲，构成了“四面荷花三面柳，一城山色半城湖”的秀美画卷。济南八景中的“鹊华烟雨”、“汇波晚照”、“佛山倒影”、“明湖秋月”均可在大明湖上观赏。大明湖园内名胜遍布，计有一阁、二园、四祠、十亭，还有书画展览馆、碑刻展等人文景观。大明湖新区于2009年扩建，免费开放。主要标志性景点有超然楼、曾堤、水云居等。其中，小东湖风格别具，为“新明湖”的重要景观，是护城河游船进入大明湖的必经之路。', ' 风景名胜区(国家级)', '鹊华烟雨：鹊华烟雨为济南八景之一。每当秋季阴雨之日，北眺鹊华二山，细雨蒙蒙之中若离若合，时隐时现，云雾缭绕，如青烟两点。站在大明湖鹊华桥、汇波楼位置，及千佛山山顶均能看到。 汇波晚照：汇波晚照为济南八景之一，观赏地点在汇波楼。大明湖东北隅，有门称北水门。门上有桥称汇波桥，桥下有庙称晏公庙，庙下有台称晏公台，台下有门为券门。门下有水，门侧有柳，柳将门笼罩，垂入水中，微风徐吹，柳丝飘荡，水皱波纹，相错如锦，夕阳映衬下将四周景物染成橘红，显得格外妖绕，其景即称“汇波晚照”。\r\n佛山倒影：空气澄明，风平浪静之时，千佛山的影子，能清楚地倒映在大明湖中，即所谓“佛山倒影”，为大明湖的特色景观。清代著名小说家刘鹗在《老残游记》中有描述。\r\n明湖秋月：在秋天的良夜里，静坐于视野开阔的大明湖岸，等候明月渐上中天。湖平如镜，月洒清辉，微风拂面，荷香浮动。其景色之奇绝，使人仿佛如临仙苑仙阁。面对着此景此情，必然会使你忆想起古人赞美“明湖秋月”盛景的诗句：“万顷湖平长似镜，四时月好最宜秋。”', '（1）进西南门，沿湖可游览诗词碑、龙泉池、广场鸽放养区、游艺娱乐区、铁公祠、天香园、曾巩画壁、明湖宝鼎、群芳轩、月下亭、北极庙、汇波楼、南丰祠、雨荷亭、剑门书画馆、明昌钟亭、藕神祠，然后返回北极庙，乘画舫船至历下亭，游览后继续乘船至南岸翠柳屏岛。下船后参观辛弃疾纪念祠、遐园，出南门，结束游览。 （2）进南门牌坊－>遐园、稼轩祠、明湖居－>乘船到历下亭岛、汇泉寺岛－>乘船到北岸－>南丰祠、藕神祠、雨荷厅、剑门书画馆、明昌钟亭－>汇波楼－>北极庙、感应井泉、天然奇石馆、明湖宝鼎、铁公祠－>天香园－>游乐场－>出西南门', '0531-86088910 86088900', '各小景点均提供导游讲解服务，5人以下100元，5人以上200元。', '济南市历下区明湖路271号', '全天', '大明湖公园特色纪念品丰富多彩，金箔画有明湖全景、历下亭、牌坊、铁公祠等5种图案，工艺精美，别致有趣，具有收藏价值。 荷香村饭店：150个餐位；明湖楼饭店：250个餐位；湖畔饭店（涉外宾馆）：300个餐位，100人住宿。 景区内有游览电瓶车，10元/人次，15元往返；交通船5元/人次；另有各式游览船； 观光游览车车站（西南门）票价10元/人，游览顺序：西南门、游乐场、铁公祠、明湖楼、北极庙、南丰祠、东门。', '大约两小时', 'http://www.txdyq.cn', '位于景区西南门售票处，提供景区讲解，旅游接待、投诉等服务', '17', '17/人', '市区开通“游777路”旅游观光巴士途经天下第一泉各分景点', 'G3京台高速，济南西出口下，沿经十路东行，在省体育中心上顺河高架桥北行在明湖北路出口下来便是大明湖北门，下高速后约30分钟车程', '景区各门口两侧均可停车；约停500辆', 1, '2018-06-11 23:23:06', '济南市旅游局、济南市园林绿化局');
INSERT INTO `scenicspot` VALUES ('680E70B57B1E47A1812354BA235C078C', '章丘百脉泉公园', '清照故里 泉涌百脉，百脉泉公园欢迎您！', 'AAAA级', 'images_jinan/scenic/baimaiquan_1.jpg', '40', '百脉泉公园，位于济南市章丘明水境内，这里是龙山文化的发祥地，一代词宗李清照的故里。景区以群泉自然喷涌成湖而著称，景区内群泉鼎沸，杨柳染烟，画廊奇阁，宛如画卷，其中百脉泉、梅花泉、墨泉、东麻湾（万泉湖）被评为济南新七十二名泉。“百脉寒泉珍珠滚”，居章丘八景之首，是中国北方独具特色的泉景景区，享有“天下奇观”的美誉。景区建有儿童乐园区、名泉水景区、花园景树区、幽静学习区、密林散步区、龙泉寺、清照园、清照词园。景区层次变化丰富，意韵含蓄深远，步移景异，引人入胜。为纪念生于百脉泉畔的宋代女词人李清照而修建的清照园，以自然景观最美，建筑规模最大，文化品位最高，馆藏资料最全居全国四座李清照纪念馆之首。始建于明景泰元年的龙泉寺内，“品”形百脉泉涌珠浮翠，梵王宫大殿庄严雄伟，是泉水文化、历史文化、宗教文化有机融合的名胜景点。', '', '“百脉寒泉珍珠滚”，章丘八景之一', '南门—龙泉—龙湾泉—万泉湖—墨泉—龙泉寺—李清照故居—梅花泉—清照词园—泉子广场—沿湖东路返回南门', '0531-83239900', '讲解费80元/次', '济南市章丘区汇泉路2017号', '7:30-6:00', '园内有醉花坊餐厅 、多处小商品、纪念品商亭', '大约3小时', 'http://www.baimaiquan.net.cn', '旅游咨询服务中心位于章丘市百脉泉景区南门东侧，面积为120 平方米。旅游咨询服务中心秉承以游客为中心，全心全意为游客服务的理念，为游客提供快速便捷的旅游咨询、导游服务、酒店预定、投诉等服务项目。为游客提供各种宣传资料、导游线路图、市区各宾馆、旅行社、景区及精选旅游线路等资料；提供百脉泉景区游览示意图、游客流量变化信息、游园活动节目预告、景区讲解服务。旅游咨询服务中心内有小件寄存、旅游纪念品和游客休息设施，配备了电脑触摸屏、电视放映厅、电脑、自动售货机、公用电话、手机充电器等现代化多功能服务设备，将为游客提供热情、周到、方便、快捷的旅游咨询服务。', '门票50元为通票，游乐设施需另收费', '1.2米以下儿童及60周岁以上老人免票，军官证、残疾证免费；1.2米-1.4米儿童、学生证半价', '济南市区乘坐K301到达双山路口下车，再乘坐5路公交车到百脉泉公园下车。', '沿济南经十路向东，过章丘境收费站，看到章丘城区指示牌后（或沿济南泉城路向东走章丘大道），左转到达明水双山大街，往北走经百脉泉街到汇泉路，即达公园南门；或沿济青公路向东，过章丘境收费站，到达章丘市区，根据道路指示牌到达公园北门', '停车场位于景区入园门口，可停放车辆约300辆', 1, '2018-06-11 23:29:41', '章丘百脉泉公园管理处');
INSERT INTO `scenicspot` VALUES ('6AED583364214F5A9742C9071752054F', '济南红叶谷生态文化旅游区 ', '四季美景红叶谷', 'AAAA级', 'images_jinan/scenic/hongyegu1.jpg', '80', '红叶谷生态文化旅游区位于济南市历城区锦绣川乡南部山区，是一处集游览观光、休闲、科普、娱乐、赏红叶等于一体的南部山区旅游景点。红叶谷以野生灌木丛黄栌为主，是红叶谷独有的观赏树种。红叶谷海拔500米左右，平均气温比市区低5摄氏度左右，山地小气候较为明显，景区的植被覆盖率达97%，空气中负氧离子的含量是市区的300多倍，是一处“天然氧吧”，故称红叶谷是“泉的源头、云的故乡、花的世界、林的海洋、休闲度假的天堂”。 红叶谷一谷有四季，四季不同天，是一年四季休闲度假的好去处。春天，杂花生树，群莺乱飞，红的碧桃，白的梨花，黄的连翘星罗棋布的点缀在一片生机盎然的山林中；夏日，谷中一片心动的郁郁葱葱，飞瀑湍流，山风送爽，谷长景深，流水潺潺，是难得的避暑胜地：秋天，登高送目，万山红遍，层林尽染，美不胜收；冬日，白雪皑皑，玉树琼花，阳光纯净而明媚。', '风景名胜区(省级) ', '春赏郁金香、夏观百合花、秋览漫山红、冬品傲骨梅', '大门---绚秋湖---蔷薇园---天趣苑---兴教寺---万叶塔---情人谷---水趣苑---神秘香巴拉---绚秋湖---群芳园---济南名人拓展训练中心', '0531-82818666', '各小景点均提供导游讲解服务，5人以下100元，5人以上200元。', '济南市历城区锦绣川乡锦绣川水库南3公里', '7:30-17:00', '景区内设有风味餐厅、香巴拉餐厅和香巴拉空中别墅，可提供食宿', '大约3小时', 'http://www.hongyegu.com.cn', '游客服务中心位于红叶谷大门广场的西侧，是一个集导游服务、宣传推介、咨询投诉等于一体的综合型服务机构', '1月1日至9月30日、12月1日至12月31日门票80元；10月1日至11月30日赏红叶期间门票100元', '1.2米以下儿童免门票；70岁以上的老年人凭本人身份证免费；残疾人、电子导游证、导游资格证、旅游执法证、记者证（国家新闻出版署颁发）、离休证、军人残疾证、园林局工作证免持证本人门票；1.2至1.4米的儿童、60-69岁的老年人、大中学生散客(大中学生团体)持本人证件享受五折优惠；现役军人凭军官证享受七折优惠；持济南市园林局旅游年卡执行七折优惠。', '乘坐65路公交车到红叶谷站下车，下车后向南步行3公里即可到达', '济青高速——济青高速小许家立交桥——济南绕城高速东线——绕城高速南线——绕城高速南线济南南出口下——S103线南行——仲宫大桥——东行Ｓ327线——前行10公里到达红叶谷景区', '红叶谷停车场位于景区门前', 1, '2018-06-11 23:26:07', '济南市园林绿化局');
INSERT INTO `scenicspot` VALUES ('FA2D0B993F0740E389B6950D8EF4F293', '济南灵岩寺旅游区 ', '千年古刹—灵岩寺', 'AAAA级', 'images_jinan/scenic/lingyanshi.jpg', '50', '灵岩寺，始建于东晋，佛教底蕴丰厚，距今己有1600多年的历史。自唐代起与浙江国清寺、南京栖霞寺、湖北玉泉寺并称“海内四大名刹”，并名列其首。灵岩寺旅游区群山环抱、岩幽壁峭；柏檀叠秀、泉甘茶香；古迹荟萃、佛音袅绕。不仅有高耸入云的辟支塔，传说奇特的铁袈裟；亦有隋唐时期的般舟殿，宋代的彩色泥塑罗汉像；更有“镜池春晓”、“方山积翠”、“明孔晴雪”等自然奇观。故明代文学家王世贞有“灵岩是泰山背最幽绝处，游泰山不至灵岩不成游也”之说。', ' 文物保护单位(国家级) 风景名胜区(国家级) ', '镜池春晓：千佛殿东侧崖壁下，卓锡泉、白鹤泉、双鹤泉三泉相临，俗称“五步三泉”。泉水从石涧中冒出，泉水甘冽，终年不竭，注入一石池中，宛如明镜，这一景观就是著名的“镜池春晓”；方山积翠：远望方山，绝壁如削，红色的证明殿犹如挂在翠绿的陡壁上。证明殿上的陡崖，因夏季多雨，其上长满苔藓，远看翠绿如茵，故又被称为“积翠岩”，也是灵岩寺胜景之一“方山积翠”；明孔晴雪：从崇兴桥南望，石牙参错，山势如楼似阁，峭壁上有一圆孔，大如车轮，南北相通，似明镜高悬、皓月当空，这就是颇具神话情趣的透明孔山，或称明孔洞。每当冬季雪后初晴，洞周围山体白雪皑皑，独一孔穿过，看透朗朗晴天。这就是灵岩胜景之一“明孔晴雪”。', '灵岩寺山门广场—山门—天王殿—大雄宝殿—百事如意—千佛殿—御书阁—般舟殿—辟支塔—墓塔林—鲁班洞—大雄宝殿', '0531-87468099', '10人以下80元/次，10人以上100元/次', '济南市长清区万德镇', '8:30-17:00', '景区内的餐饮、住宿场所有灵岩宾馆、檀园宾馆', '大约3小时', '', '游客服务中心位于灵岩寺山门广场西侧，是一个集导游服务、宣传推介、咨询投诉、休闲购物等于一体的综合型服务机构', '通票', '1.2米以下儿童免门票；1.2米—1.4米儿童半价；学生凭学生证（全日制正规学校）半价；六十周岁以上七十岁以下游客凭本人身份证半价；七十岁以上游客凭身份证免费；现役军人凭军官证、士官证、学员证、士兵证免费；中国残联颁发的残疾证免购门票；中国新闻出版署颁发的记者证免费；导游员凭国家旅游局颁发的导游证免费', '', '京沪高速—万德/灵岩寺出口—104国道左转—行驶大约200米右转—灵岩寺牌坊—义灵路—灵岩寺停车场（下高速10分钟车程）', '停车场位于景区正门门前，大约可停放200辆车', 1, '2018-06-11 23:33:06', '济南市长清区灵岩寺旅游区管理委员会');

-- ----------------------------
-- Table structure for scenictype
-- ----------------------------
DROP TABLE IF EXISTS `scenictype`;
CREATE TABLE `scenictype`  (
  `ID` varchar(255) CHARACTER SET utf8 COLLATE utf8_general_ci NOT NULL,
  `NAME` varchar(255) CHARACTER SET utf8 COLLATE utf8_general_ci NULL DEFAULT NULL,
  `COLOR` varchar(255) CHARACTER SET utf8 COLLATE utf8_general_ci NULL DEFAULT NULL,
  `subject` varchar(255) CHARACTER SET utf8 COLLATE utf8_general_ci NULL DEFAULT NULL,
  PRIMARY KEY (`ID`) USING BTREE
) ENGINE = InnoDB CHARACTER SET = utf8 COLLATE = utf8_general_ci ROW_FORMAT = Dynamic;

-- ----------------------------
-- Table structure for spot_image_mapping
-- ----------------------------
DROP TABLE IF EXISTS `spot_image_mapping`;
CREATE TABLE `spot_image_mapping`  (
  `ID` varchar(255) CHARACTER SET utf8 COLLATE utf8_general_ci NOT NULL,
  `SCENICSPOT` varchar(255) CHARACTER SET utf8 COLLATE utf8_general_ci NULL DEFAULT NULL,
  `IMAGE` varchar(255) CHARACTER SET utf8 COLLATE utf8_general_ci NULL DEFAULT NULL,
  PRIMARY KEY (`ID`) USING BTREE,
  INDEX `FKmt7nwmfid19t3u53fbtl1fvkl`(`SCENICSPOT`) USING BTREE,
  INDEX `FK2rjdtdc0y2ni1pk21iwmn62v7`(`IMAGE`) USING BTREE,
  CONSTRAINT `FK2rjdtdc0y2ni1pk21iwmn62v7` FOREIGN KEY (`IMAGE`) REFERENCES `image` (`ID`) ON DELETE RESTRICT ON UPDATE RESTRICT,
  CONSTRAINT `FKmt7nwmfid19t3u53fbtl1fvkl` FOREIGN KEY (`SCENICSPOT`) REFERENCES `scenicspot` (`ID`) ON DELETE RESTRICT ON UPDATE RESTRICT
) ENGINE = InnoDB CHARACTER SET = utf8 COLLATE = utf8_general_ci ROW_FORMAT = Dynamic;

-- ----------------------------
-- Table structure for spot_landmark_mapping
-- ----------------------------
DROP TABLE IF EXISTS `spot_landmark_mapping`;
CREATE TABLE `spot_landmark_mapping`  (
  `ID` varchar(255) CHARACTER SET utf8 COLLATE utf8_general_ci NOT NULL,
  `SCENICSPOT` varchar(255) CHARACTER SET utf8 COLLATE utf8_general_ci NULL DEFAULT NULL,
  `LANDMARK` varchar(255) CHARACTER SET utf8 COLLATE utf8_general_ci NULL DEFAULT NULL,
  PRIMARY KEY (`ID`) USING BTREE,
  INDEX `FKerlno2wspd1h2922m1ur6gnlr`(`SCENICSPOT`) USING BTREE,
  INDEX `FK1bx00r3wvdnrvr26jgfv01a07`(`LANDMARK`) USING BTREE,
  CONSTRAINT `FK1bx00r3wvdnrvr26jgfv01a07` FOREIGN KEY (`LANDMARK`) REFERENCES `landmark` (`ID`) ON DELETE RESTRICT ON UPDATE RESTRICT,
  CONSTRAINT `FKerlno2wspd1h2922m1ur6gnlr` FOREIGN KEY (`SCENICSPOT`) REFERENCES `scenicspot` (`ID`) ON DELETE RESTRICT ON UPDATE RESTRICT
) ENGINE = InnoDB CHARACTER SET = utf8 COLLATE = utf8_general_ci ROW_FORMAT = Dynamic;

-- ----------------------------
-- Table structure for spot_type_mapping
-- ----------------------------
DROP TABLE IF EXISTS `spot_type_mapping`;
CREATE TABLE `spot_type_mapping`  (
  `ID` varchar(255) CHARACTER SET utf8 COLLATE utf8_general_ci NOT NULL,
  `SCENICSPOT` varchar(255) CHARACTER SET utf8 COLLATE utf8_general_ci NULL DEFAULT NULL,
  `SCENICTYPE` varchar(255) CHARACTER SET utf8 COLLATE utf8_general_ci NULL DEFAULT NULL,
  PRIMARY KEY (`ID`) USING BTREE,
  INDEX `FKqpnkscc90uc3buawa305fhb3m`(`SCENICSPOT`) USING BTREE,
  INDEX `FKguvbfljog2g86yd00s1ecnkim`(`SCENICTYPE`) USING BTREE,
  CONSTRAINT `FKguvbfljog2g86yd00s1ecnkim` FOREIGN KEY (`SCENICTYPE`) REFERENCES `scenictype` (`ID`) ON DELETE RESTRICT ON UPDATE RESTRICT,
  CONSTRAINT `FKqpnkscc90uc3buawa305fhb3m` FOREIGN KEY (`SCENICSPOT`) REFERENCES `scenicspot` (`ID`) ON DELETE RESTRICT ON UPDATE RESTRICT
) ENGINE = InnoDB CHARACTER SET = utf8 COLLATE = utf8_general_ci ROW_FORMAT = Dynamic;

-- ----------------------------
-- Table structure for user
-- ----------------------------
DROP TABLE IF EXISTS `user`;
CREATE TABLE `user`  (
  `USERID` varchar(255) CHARACTER SET utf8 COLLATE utf8_general_ci NOT NULL,
  `USERNAME` varchar(255) CHARACTER SET utf8 COLLATE utf8_general_ci NULL DEFAULT NULL,
  `USERPASS` varchar(255) CHARACTER SET utf8 COLLATE utf8_general_ci NULL DEFAULT NULL,
  `USERCNAME` varchar(255) CHARACTER SET utf8 COLLATE utf8_general_ci NULL DEFAULT NULL,
  `USERGENDER` varchar(255) CHARACTER SET utf8 COLLATE utf8_general_ci NULL DEFAULT NULL,
  `USERAGE` int(11) NULL DEFAULT NULL,
  `USERTEL` varchar(255) CHARACTER SET utf8 COLLATE utf8_general_ci NULL DEFAULT NULL,
  `USEREMAIL` varchar(255) CHARACTER SET utf8 COLLATE utf8_general_ci NULL DEFAULT NULL,
  `USERPICTURE` varchar(255) CHARACTER SET utf8 COLLATE utf8_general_ci NULL DEFAULT NULL,
  `REGISTERTIME` datetime(0) NULL DEFAULT NULL,
  `LASTLOGINTIME` datetime(0) NULL DEFAULT NULL,
  `ISONLINE` int(11) NULL DEFAULT NULL,
  `USERSTATUS` int(11) NULL DEFAULT NULL,
  `USERLEVEL` int(11) NULL DEFAULT NULL,
  `ACTIVATIONCODE` varchar(255) CHARACTER SET utf8 COLLATE utf8_general_ci NULL DEFAULT NULL,
  `DISABLED` int(11) NULL DEFAULT NULL,
  `REPASSWORD` varchar(255) CHARACTER SET utf8 COLLATE utf8_general_ci NULL DEFAULT NULL,
  PRIMARY KEY (`USERID`) USING BTREE
) ENGINE = InnoDB CHARACTER SET = utf8 COLLATE = utf8_general_ci ROW_FORMAT = Dynamic;

-- ----------------------------
-- Records of user
-- ----------------------------
INSERT INTO `user` VALUES ('3986FEAEA5904C55BA37706D0A467780', '魅力济南—在旅途', '123456', '官方人员', '男', 23, '17862980863', '1763071621@qq.com', NULL, '2018-06-11 23:54:40', '2019-11-28 23:45:34', 1, NULL, 1, 'A2AEA818A31E420C806B384DE6C1ADD9', 1, '123456');
INSERT INTO `user` VALUES ('559877647A6F4D6BA571AEBBA2966071', '一号测试', '123456', '测试妹子', '女', 22, NULL, '1763071622@qq.com', NULL, '2019-11-28 22:58:50', '2018-06-11 23:53:27', 0, NULL, NULL, '559877647A6F4D6BA571AEBBA2966071', NULL, NULL);

SET FOREIGN_KEY_CHECKS = 1;
